{"type":"FeatureCollection","features":[{"type":"Feature","geometry":{"type":"Polygon","coordinates":[[[32.8493,7.37911],[32.77088,7.39944],[32.69999,7.27923],[32.58286,7.22991],[32.58286,7.09121],[32.63218,7.06655],[32.50272,6.96483],[32.53355,6.89394],[32.47806,6.7799],[32.48423,6.50865],[32.40409,6.46242],[32.38868,6.37612],[32.45341,6.15111],[32.51197,6.1172],[32.51949,5.85147],[33.3116,5.84027],[34.14426,5.72088],[35.01173,6.00819],[35.00214,6.03851],[35.00237,6.05743],[35.00517,6.06116],[35.0005,6.0691],[35.0026,6.07657],[34.9998,6.08346],[34.98906,6.08556],[34.98392,6.0907],[34.98089,6.09747],[34.97411,6.10121],[34.96337,6.12129],[34.96944,6.17395],[34.97808,6.18025],[34.97808,6.18773],[34.96991,6.21692],[34.96104,6.22906],[34.9622,6.23887],[34.95847,6.24377],[34.96617,6.29526],[34.98649,6.31885],[34.99186,6.32842],[34.99046,6.34196],[34.9991,6.34967],[34.9991,6.35983],[34.9935,6.36426],[34.99536,6.36567],[34.99069,6.37477],[34.9935,6.38038],[34.99209,6.39182],[34.99606,6.39789],[35.01008,6.40513],[35.01264,6.42311],[35.02128,6.43829],[35.02058,6.45008],[35.01334,6.4704],[35.0026,6.47507],[34.99116,6.48628],[34.98229,6.48814],[34.97972,6.49422],[34.98299,6.49562],[34.97195,6.50753],[34.96624,6.50867],[34.9581,6.50489],[34.96085,6.51956],[34.95093,6.52726],[34.95318,6.53508],[34.94418,6.53908],[34.94561,6.55157],[34.94054,6.55407],[34.93962,6.55878],[34.92734,6.55707],[34.92288,6.56344],[34.91607,6.56435],[34.90913,6.57163],[34.90885,6.57748],[34.91227,6.58086],[34.90715,6.58178],[34.89809,6.5776],[34.89086,6.57968],[34.88876,6.58555],[34.88321,6.58807],[34.89023,6.59373],[34.89044,6.60138],[34.88334,6.60228],[34.8789,6.6076],[34.87096,6.60512],[34.86485,6.6116],[34.8521,6.60986],[34.84118,6.60134],[34.81689,6.60749],[34.80852,6.60509],[34.79305,6.59638],[34.79319,6.58939],[34.78693,6.59059],[34.78362,6.59626],[34.77831,6.59803],[34.77687,6.60382],[34.76884,6.59475],[34.76575,6.61067],[34.74987,6.62287],[34.74051,6.63886],[34.73587,6.64188],[34.72835,6.64099],[34.72699,6.647],[34.71431,6.65518],[34.71733,6.65746],[34.70654,6.67482],[34.711,6.68171],[34.71048,6.68649],[34.69073,6.69806],[34.67813,6.70042],[34.67051,6.71313],[34.66108,6.71534],[34.65201,6.73295],[34.64066,6.74099],[34.6305,6.74165],[34.62718,6.74467],[34.62231,6.72559],[34.61842,6.72367],[34.61207,6.72606],[34.61222,6.72979],[34.60611,6.73359],[34.59969,6.72994],[34.59581,6.73158],[34.59215,6.72904],[34.59044,6.73136],[34.58894,6.72845],[34.58506,6.7321],[34.58133,6.73031],[34.5782,6.73501],[34.57402,6.73165],[34.57245,6.73606],[34.5676,6.73367],[34.56466,6.74012],[34.55712,6.73542],[34.55249,6.73818],[34.5507,6.73512],[34.54996,6.74341],[34.54362,6.74378],[34.54578,6.7499],[34.53907,6.74781],[34.53953,6.7455],[34.53526,6.74833],[34.53075,6.74702],[34.5301,6.75593],[34.53761,6.7568],[34.53889,6.75972],[34.32436,6.72442],[34.28737,6.67202],[34.0562,6.709],[33.83119,6.78298],[33.76338,6.73674],[33.61235,6.7275],[33.53529,6.78298],[33.52913,6.81688],[33.59385,6.9525],[33.5692,6.99257],[33.4459,6.96175],[33.22706,7.05422],[33.21473,7.20833],[33.04521,7.22991],[32.96198,7.37478],[32.93733,7.35628],[32.8493,7.37911]]]},"properties":{"adm2_name":"Pibor","adm2_pcode":"SS0308","adm1_name":"Jonglei","adm1_pcode":"SS03","center_lat":6.5599892100000003,"center_lon":33.704448550000002}},{"type":"Feature","geometry":{"type":"Polygon","coordinates":[[[31.96273,10.22112],[31.81998,10.25284],[31.78868,10.30371],[31.70213,10.21811],[31.51217,10.00386],[31.4264,9.8989],[31.46879,9.83368],[31.607,9.79063],[31.73162,9.7],[31.86756,9.67281],[31.87889,9.71359],[31.90382,9.73625],[31.92194,9.71133],[31.96952,9.71359],[31.96273,9.75664],[32.04882,9.84954],[32.1032,9.86993],[32.19471,9.97735],[32.2686,10.07838],[32.28899,10.12369],[32.0964,10.18033],[32.08281,10.14861],[31.96273,10.22112]]]},"properties":{"adm2_name":"Fashoda","adm2_pcode":"SS0702","adm1_name":"Upper Nile","adm1_pcode":"SS07","center_lat":9.9858658699999996,"center_lon":31.849067909999999}},{"type":"Feature","geometry":{"type":"Polygon","coordinates":[[[30.7615,9.61106],[30.84607,9.65334],[30.82507,9.72378],[30.63543,9.87301],[30.53156,9.95945],[29.99677,10.2888],[29.93903,10.28664],[29.53904,10.08183],[29.53809,9.75014],[29.6705,9.56318],[29.72342,9.52719],[29.87708,9.55338],[29.90335,9.53143],[29.9478,9.48274],[29.99861,9.49332],[30.14255,9.48909],[30.31402,9.39595],[30.37993,9.38788],[30.39765,9.40016],[30.40217,9.42087],[30.41668,9.43348],[30.42192,9.44775],[30.42668,9.45204],[30.45452,9.45751],[30.46395,9.46652],[30.47306,9.48533],[30.50205,9.4999],[30.50384,9.51906],[30.54298,9.51001],[30.56094,9.50109],[30.57403,9.5049],[30.60009,9.50621],[30.62638,9.49824],[30.69467,9.49717],[30.70145,9.49479],[30.71823,9.47884],[30.73857,9.46576],[30.7469,9.46682],[30.75142,9.47611],[30.75619,9.47586],[30.7615,9.61106]]]},"properties":{"adm2_name":"Pariang","adm2_pcode":"SS0608","adm1_name":"Unity","adm1_pcode":"SS06","center_lat":9.8394544800000006,"center_lon":30.107955780000001}},{"type":"Feature","geometry":{"type":"Polygon","coordinates":[[[27.07353,6.60197],[27.06807,6.65988],[27.08362,6.71493],[26.41545,6.6498],[26.41483,6.63869],[26.40837,6.63139],[26.40739,6.62151],[26.39107,6.61508],[26.39107,6.60816],[26.37625,6.58938],[26.37822,6.5785],[26.35796,6.58394],[26.35598,6.57801],[26.34906,6.57406],[26.35351,6.55577],[26.34906,6.54687],[26.35301,6.54094],[26.32826,6.53752],[26.3306,6.52058],[26.32914,6.51679],[26.31862,6.51182],[26.32417,6.50102],[26.31512,6.49372],[26.29176,6.48642],[26.28884,6.48263],[26.30636,6.45971],[26.31687,6.43664],[26.31278,6.41649],[26.29994,6.40335],[26.29935,6.39693],[26.3087,6.38729],[26.31103,6.37415],[26.32067,6.3762],[26.33147,6.36423],[26.34899,6.35897],[26.35979,6.34787],[26.36242,6.3362],[26.36914,6.33941],[26.37381,6.33663],[26.3741,6.33079],[26.38695,6.31269],[26.396,6.30656],[26.42199,6.30159],[26.43483,6.30568],[26.44097,6.29488],[26.47776,6.28437],[26.47746,6.27678],[26.48389,6.26889],[26.47144,6.23743],[26.47569,6.22411],[26.48646,6.21901],[26.50375,6.21645],[26.51169,6.23205],[26.52133,6.23573],[26.52615,6.23545],[26.5321,6.22683],[26.53806,6.20585],[26.53324,6.18827],[26.51991,6.16134],[26.51339,6.15341],[26.49553,6.14802],[26.49128,6.1415],[26.49468,6.13555],[26.4754,6.13016],[26.45981,6.11684],[26.44649,6.07941],[26.44734,6.07289],[26.45102,6.07006],[26.4686,6.08112],[26.46747,6.08792],[26.49128,6.10833],[26.51623,6.114],[26.52445,6.10238],[26.53692,6.10351],[26.54004,6.10011],[26.53777,6.08083],[26.54032,6.07856],[26.53976,6.06666],[26.54344,6.0607],[26.55422,6.0573],[26.55818,6.03746],[26.56612,6.03264],[26.59249,6.02782],[26.60751,6.03321],[26.62654,6.01316],[26.63803,6.01256],[26.64469,6.01558],[26.66464,5.99895],[26.67825,6.01286],[26.68914,6.01709],[26.69881,6.02012],[26.71,6.01709],[26.72119,6.02012],[26.72028,6.01347],[26.72512,6.00681],[26.72301,6.00379],[26.73571,6.00016],[26.75959,6.00832],[26.76322,6.00228],[26.76927,6.00409],[26.7726,6.00197],[26.77683,5.9926],[26.7856,5.99744],[26.78832,5.99593],[26.79286,5.98655],[26.80223,5.98171],[26.81433,5.98292],[26.8234,5.98927],[26.83459,5.97506],[26.82703,5.94794],[26.83338,5.94552],[26.83066,5.93131],[26.83428,5.91467],[26.83005,5.90318],[26.83549,5.89653],[26.8488,5.89925],[26.86331,5.89139],[26.88176,5.89774],[26.89597,5.89623],[26.92168,5.90107],[26.93407,5.8932],[26.93014,5.88897],[26.92984,5.87567],[26.9374,5.86871],[26.95524,5.8672],[26.95857,5.85964],[26.96764,5.85601],[26.9885,5.86327],[26.99274,5.85994],[27.00181,5.86055],[27.00302,5.8542],[27.01209,5.84452],[27.01995,5.84649],[27.02963,5.83772],[27.03568,5.82229],[27.04747,5.82048],[27.04596,5.81262],[27.05019,5.80687],[27.06198,5.80476],[27.06833,5.79574],[27.07862,5.79726],[27.08618,5.80391],[27.10341,5.81026],[27.10825,5.8024],[27.11672,5.80209],[27.12428,5.7903],[27.13486,5.78698],[27.13909,5.77639],[27.14907,5.77972],[27.16268,5.77397],[27.15482,5.76248],[27.15996,5.75311],[27.16722,5.74494],[27.18113,5.74645],[27.19375,5.74346],[27.19655,5.74071],[27.19866,5.72408],[27.20834,5.71365],[27.21499,5.71183],[27.21499,5.70488],[27.22376,5.70095],[27.22134,5.67645],[27.22739,5.67464],[27.2289,5.66133],[27.24342,5.64258],[27.23193,5.61664],[27.23404,5.60817],[27.23798,5.60878],[27.23677,5.60091],[27.24674,5.5994],[27.25189,5.60515],[27.25703,5.60545],[27.27668,5.5994],[27.28938,5.60061],[27.29301,5.59668],[27.28606,5.58398],[27.28606,5.57521],[27.2788,5.56886],[27.28908,5.55435],[27.28666,5.54437],[27.28938,5.54044],[27.28061,5.53545],[27.28031,5.5297],[27.27124,5.51972],[27.26973,5.51307],[27.26035,5.51005],[27.25158,5.4665],[27.2416,5.45108],[27.24433,5.43263],[27.2407,5.42326],[27.24916,5.41207],[27.24312,5.40119],[27.25894,5.37529],[27.25755,5.36732],[27.26043,5.35737],[27.25769,5.34704],[27.4788,5.34912],[27.68754,5.43217],[27.89403,5.46359],[27.9681,5.6611],[27.85363,5.80026],[27.86261,5.89004],[27.81996,5.94839],[27.86261,6.00899],[27.85828,6.01779],[27.22743,6.15937],[27.07929,6.54093],[27.07353,6.60197]]]},"properties":{"adm2_name":"Tambura","adm2_pcode":"SS1009","adm1_name":"Western Equatoria","adm1_pcode":"SS10","center_lat":6.0307959999999996,"center_lon":27.205611680000001}},{"type":"Feature","geometry":{"type":"Polygon","coordinates":[[[29.46726,4.58732],[29.42969,4.641],[29.43328,4.70923],[29.41173,4.71102],[29.36684,4.78285],[29.39737,4.82773],[29.37941,4.86544],[29.39198,4.93188],[29.35966,4.97318],[29.39377,5.01088],[29.35607,5.0863],[29.37402,5.10605],[29.3848,5.19583],[29.37223,5.29997],[29.33452,5.35204],[29.31477,5.43464],[29.35427,5.51723],[29.31836,5.60881],[29.33592,5.6922],[29.01491,5.71513],[28.89668,5.77609],[28.88383,5.72372],[28.78149,5.60162],[28.65041,5.50466],[28.63784,5.42566],[28.61091,5.38077],[28.59295,5.2066],[28.69889,5.01447],[28.77969,4.99652],[28.87665,4.8816],[28.86947,4.82414],[28.86408,4.71641],[28.92334,4.66254],[28.92513,4.60688],[28.90897,4.57815],[28.93052,4.55481],[28.94115,4.47738],[28.95796,4.48389],[28.96037,4.48836],[28.96759,4.48286],[28.98581,4.48492],[28.99579,4.48217],[28.99819,4.49696],[29.00198,4.49764],[29.03637,4.49283],[29.04256,4.48011],[29.0429,4.46979],[29.04703,4.46704],[29.05838,4.46429],[29.0656,4.4581],[29.07489,4.46394],[29.0852,4.46257],[29.07867,4.43849],[29.0797,4.43265],[29.12475,4.43997],[29.12701,4.4332],[29.137,4.43448],[29.13733,4.41546],[29.15087,4.40998],[29.1528,4.39934],[29.15764,4.39354],[29.16989,4.39418],[29.17182,4.38516],[29.18117,4.37774],[29.18698,4.3771],[29.19149,4.37033],[29.20052,4.36775],[29.19987,4.35098],[29.20761,4.34872],[29.20987,4.34324],[29.22599,4.34034],[29.22954,4.34743],[29.25275,4.35291],[29.25887,4.3613],[29.25533,4.36388],[29.25597,4.36742],[29.26113,4.37355],[29.2563,4.37967],[29.25662,4.38806],[29.26371,4.38999],[29.26919,4.39773],[29.27564,4.39709],[29.27693,4.38967],[29.28177,4.38709],[29.28628,4.38709],[29.29498,4.39547],[29.29885,4.39418],[29.30143,4.38451],[29.30562,4.38161],[29.31207,4.38902],[29.31949,4.38677],[29.34625,4.39805],[29.34818,4.41578],[29.35463,4.429],[29.3527,4.44093],[29.35528,4.45125],[29.36398,4.4577],[29.36527,4.47092],[29.38494,4.47124],[29.39525,4.47608],[29.40364,4.47479],[29.41976,4.49203],[29.42008,4.49719],[29.42782,4.49913],[29.43866,4.51429],[29.44491,4.51428],[29.44813,4.52363],[29.44813,4.54878],[29.44362,4.55974],[29.46199,4.58328],[29.46942,4.58424],[29.46726,4.58732]]]},"properties":{"adm2_name":"Ibba","adm2_pcode":"SS1002","adm1_name":"Western Equatoria","adm1_pcode":"SS10","center_lat":5.0444060400000001,"center_lon":29.02969946}},{"type":"Feature","geometry":{"type":"Polygon","coordinates":[[[29.49456,9.12126],[29.4821,9.20543],[29.34451,9.4404],[29.31275,9.45522],[29.17093,9.4277],[29.17728,9.41288],[29.14976,9.39383],[29.06085,9.39383],[29.03545,9.36208],[28.94442,9.31763],[28.80755,9.30636],[28.7862,9.10511],[28.69472,9.02796],[29.09724,9.0371],[29.2741,8.69558],[29.57736,8.7482],[29.60276,8.79689],[29.60699,8.87309],[29.55196,8.87944],[29.48633,8.99375],[29.49456,9.12126]]]},"properties":{"adm2_name":"Mayom","adm2_pcode":"SS0606","adm1_name":"Unity","adm1_pcode":"SS06","center_lat":9.0618455699999991,"center_lon":29.112817289999999}},{"type":"Feature","geometry":{"type":"Polygon","coordinates":[[[27.9403,9.13052],[27.86225,8.9566],[27.96592,8.87732],[27.99947,8.70045],[27.92323,8.65166],[27.95983,8.56323],[27.89927,8.50032],[27.91713,8.33057],[27.87749,8.27873],[27.86225,8.08357],[28.1521,8.02233],[28.17863,8.07028],[28.16846,8.09496],[28.16846,8.11675],[28.20041,8.14579],[28.20912,8.30552],[28.22945,8.34618],[28.1917,8.42169],[28.228,8.45799],[28.32094,8.48849],[28.32965,8.55238],[28.36595,8.63515],[28.41242,8.66274],[28.41823,8.74551],[28.45889,8.7731],[28.45163,8.79489],[28.45744,8.86604],[28.39645,8.88492],[28.37466,8.85733],[28.36014,8.85587],[28.31803,8.88201],[28.30641,8.92412],[28.2948,8.92412],[28.2948,8.90815],[28.27302,8.9067],[28.25414,8.943],[28.18008,8.95026],[28.12926,8.97059],[28.08279,9.02287],[28.08424,9.05046],[28.05084,9.07224],[28.01018,9.04465],[27.96081,9.05772],[27.96662,9.11],[27.95065,9.10854],[27.9403,9.13052]]]},"properties":{"adm2_name":"Gogrial West","adm2_pcode":"SS0802","adm1_name":"Warrap","adm1_pcode":"SS08","center_lat":8.5718287199999992,"center_lon":28.14722356}},{"type":"Feature","geometry":{"type":"Polygon","coordinates":[[[29.24539,6.69059],[29.18642,6.76245],[29.16352,6.76245],[29.13644,6.72288],[28.99346,6.69015],[29.00271,6.62902],[28.98746,6.53144],[28.89903,6.40642],[28.7923,6.38812],[28.49651,6.4979],[28.46602,6.48662],[28.49956,6.36769],[28.46297,6.29755],[28.52396,6.25181],[28.57275,6.07495],[28.65508,6.0597],[28.81975,5.81576],[29.01491,5.71513],[29.56989,5.67548],[29.63088,5.97432],[29.78945,6.0841],[29.79249,6.30975],[29.85653,6.3128],[29.87178,6.26401],[29.91142,6.25486],[29.89922,6.3128],[29.9675,6.36367],[29.97364,6.39592],[29.95697,6.42168],[29.92782,6.41258],[29.90908,6.37509],[29.82786,6.38134],[29.7508,6.39383],[29.74247,6.44381],[29.68416,6.55419],[29.63834,6.5771],[29.63418,6.54378],[29.60086,6.54586],[29.60502,6.57918],[29.56754,6.62083],[29.58628,6.66665],[29.57378,6.68748],[29.5363,6.67082],[29.48423,6.7083],[29.45508,6.67082],[29.43217,6.6729],[29.43842,6.7208],[29.37386,6.72705],[29.25307,6.68123],[29.24539,6.69059]]]},"properties":{"adm2_name":"Wulu","adm2_pcode":"SS0406","adm1_name":"Lakes","adm1_pcode":"SS04","center_lat":6.2231534499999999,"center_lon":29.161594520000001}},{"type":"Feature","geometry":{"type":"Polygon","coordinates":[[[33.23038,4.98763],[33.13001,5.24539],[33.26886,5.57035],[33.3116,5.84027],[32.51949,5.85147],[32.11442,5.85005],[32.09834,5.21346],[32.17315,4.95325],[32.12436,4.59871],[32.13902,4.57306],[32.30285,4.56298],[32.47715,4.51276],[32.46237,4.67524],[32.50373,4.78159],[32.46828,4.83181],[32.48601,4.92339],[32.5894,4.94407],[32.65439,4.68115],[32.71052,4.68115],[32.73711,4.6132],[32.81097,4.65456],[32.89073,4.62797],[32.93209,4.49208],[32.97344,4.50981],[33.00003,4.48026],[33.07093,4.46254],[33.15365,4.52162],[33.05911,4.67524],[33.26132,4.9099],[33.23038,4.98763]]]},"properties":{"adm2_name":"Lafon","adm2_pcode":"SS0206","adm1_name":"Eastern Equatoria","adm1_pcode":"SS02","center_lat":5.1506550400000002,"center_lon":32.641651930000002}},{"type":"Feature","geometry":{"type":"Polygon","coordinates":[[[31.69216,3.95909],[31.61854,4.02379],[31.57742,4.12888],[31.45633,4.12203],[31.09764,3.97353],[31.14682,3.77414],[31.15583,3.77982],[31.16583,3.79405],[31.2898,3.7939],[31.35315,3.75012],[31.41585,3.71964],[31.45584,3.69628],[31.50863,3.67361],[31.50251,3.64128],[31.51603,3.63684],[31.51599,3.64385],[31.52212,3.64518],[31.53984,3.66447],[31.55039,3.67116],[31.55365,3.68037],[31.56128,3.68075],[31.56689,3.68695],[31.57572,3.687],[31.58084,3.69741],[31.59766,3.70069],[31.60009,3.70919],[31.60764,3.71405],[31.61364,3.72609],[31.61822,3.72908],[31.6432,3.72873],[31.65659,3.71909],[31.68032,3.71521],[31.68861,3.70721],[31.6989,3.71416],[31.7032,3.711],[31.70825,3.71657],[31.71212,3.71651],[31.7175,3.7272],[31.72564,3.73445],[31.73035,3.75292],[31.73793,3.74676],[31.75642,3.76492],[31.80115,3.79796],[31.80272,3.80533],[31.79578,3.81356],[31.79651,3.81928],[31.80198,3.82153],[31.72803,3.99162],[31.69394,3.95754],[31.69216,3.95909]]]},"properties":{"adm2_name":"Kajo-keji","adm2_pcode":"SS0102","adm1_name":"Central Equatoria","adm1_pcode":"SS01","center_lat":3.90980178,"center_lon":31.438480640000002}},{"type":"Feature","geometry":{"type":"Polygon","coordinates":[[[27.96956,8.85816],[27.96592,8.87732],[27.91629,8.91528],[27.78646,8.86726],[27.78646,8.83192],[27.7345,8.79451],[27.71163,8.79451],[27.71579,8.82361],[27.68045,8.834],[27.63888,8.77372],[27.52248,8.73215],[27.46844,8.73423],[27.43761,8.74763],[27.40816,8.72799],[27.39984,8.68434],[27.45804,8.62198],[27.51209,8.60951],[27.54119,8.51389],[27.52664,8.49727],[27.53911,8.43075],[27.56821,8.4162],[27.60147,8.47232],[27.68877,8.49103],[27.7054,8.51389],[27.72826,8.51182],[27.76984,8.48479],[27.80736,8.49615],[27.89927,8.50032],[27.95983,8.56323],[27.92323,8.65166],[27.99947,8.70045],[27.96956,8.85816]]]},"properties":{"adm2_name":"Aweil South","adm2_pcode":"SS0504","adm1_name":"Northern Bahr el Ghazal","adm1_pcode":"SS05","center_lat":8.6711985699999996,"center_lon":27.682931119999999}},{"type":"Feature","geometry":{"type":"Polygon","coordinates":[[[28.52396,6.25181],[28.49343,6.27471],[28.44168,6.24466],[28.35639,6.25364],[28.2307,6.13917],[28.2307,6.10101],[28.15439,6.03144],[28.10276,5.94615],[28.10276,5.87657],[28.03767,5.84515],[28.03543,5.81148],[28.0691,5.69701],[28.03319,5.63641],[28.06012,5.50848],[28.0287,5.48379],[28.08705,5.44788],[28.05563,5.4187],[28.08032,5.40523],[28.05787,5.38054],[28.1095,5.36034],[28.13643,5.20997],[28.18132,5.20323],[28.17683,5.13814],[28.22172,5.10448],[28.19928,4.98328],[28.09827,4.92043],[28.06012,4.88003],[27.94341,4.85534],[27.76871,4.68681],[27.77907,4.68046],[27.78262,4.65472],[27.78795,4.65088],[27.79741,4.62987],[27.80096,4.6281],[27.80096,4.61745],[27.79445,4.61419],[27.80126,4.60798],[27.81783,4.60561],[27.82552,4.59555],[27.84268,4.59378],[27.84623,4.58786],[27.84179,4.58372],[27.85333,4.58076],[27.86161,4.56094],[27.87345,4.55502],[27.87818,4.55887],[27.87848,4.55561],[27.89268,4.55251],[27.90717,4.55458],[27.91634,4.55014],[27.92404,4.55369],[27.92907,4.54955],[27.93765,4.54985],[27.94268,4.57174],[27.94682,4.57529],[27.95155,4.5747],[27.96634,4.56168],[27.97374,4.56138],[27.97906,4.55517],[27.98173,4.55488],[27.98439,4.56375],[27.98764,4.56316],[27.98853,4.55754],[27.99386,4.55665],[27.99534,4.56257],[28.0032,4.55591],[28.01622,4.55656],[28.01947,4.55092],[28.02555,4.54918],[28.04377,4.55548],[28.04898,4.5455],[28.0442,4.54072],[28.04399,4.53053],[28.03987,4.5264],[28.04138,4.52011],[28.03574,4.51469],[28.04052,4.50775],[28.03704,4.49234],[28.04095,4.48149],[28.03943,4.47564],[28.04681,4.4726],[28.04724,4.46479],[28.0531,4.45698],[28.06091,4.45589],[28.07154,4.44331],[28.07892,4.41792],[28.08608,4.41684],[28.08868,4.42335],[28.09367,4.42508],[28.09085,4.43723],[28.10061,4.43854],[28.10842,4.44483],[28.11949,4.44439],[28.11971,4.43572],[28.13099,4.43615],[28.13272,4.42921],[28.13838,4.44255],[28.1438,4.44153],[28.14651,4.43068],[28.1516,4.42492],[28.14253,4.41436],[28.13678,4.4123],[28.13719,4.40367],[28.1487,4.39586],[28.15569,4.39647],[28.16083,4.38969],[28.16638,4.39072],[28.17851,4.38537],[28.18324,4.37571],[28.19496,4.36995],[28.20606,4.35186],[28.22087,4.35556],[28.23156,4.35145],[28.2478,4.35432],[28.25602,4.35042],[28.26569,4.35391],[28.26569,4.36358],[28.28008,4.35679],[28.28316,4.35967],[28.2955,4.357],[28.30742,4.36358],[28.31565,4.35905],[28.33456,4.3607],[28.3419,4.35422],[28.34795,4.35764],[28.35269,4.35646],[28.35729,4.34866],[28.36761,4.36156],[28.35414,4.40196],[28.30028,4.44012],[28.2913,4.46481],[28.32496,4.50072],[28.32496,4.5501],[28.29354,4.55907],[28.27334,4.58601],[28.30701,4.60172],[28.34965,4.68476],[28.29803,4.70272],[28.29803,4.99674],[28.32272,5.06632],[28.28456,5.12243],[28.30252,5.26383],[28.23519,5.31321],[28.17683,5.42094],[28.26436,5.57132],[28.41699,5.68803],[28.48657,5.80924],[28.47759,5.90126],[28.51125,6.01573],[28.57275,6.07495],[28.52396,6.25181]]]},"properties":{"adm2_name":"Nzara","adm2_pcode":"SS1008","adm1_name":"Western Equatoria","adm1_pcode":"SS10","center_lat":5.3064562300000002,"center_lon":28.18177274}},{"type":"Feature","geometry":{"type":"Polygon","coordinates":[[[29.6859,8.00617],[29.67596,8.14915],[29.33597,8.17919],[29.2895,8.1516],[29.20673,8.02671],[29.16607,8.00493],[29.1196,8.01074],[29.00779,7.94394],[28.97294,7.87569],[28.89017,7.79728],[28.80594,7.75807],[28.80885,7.73193],[28.85241,7.65642],[28.86258,7.59544],[29.0862,7.50395],[29.15366,7.49475],[29.32899,7.66581],[29.5333,7.7024],[29.69796,7.83261],[29.6859,8.00617]]]},"properties":{"adm2_name":"Tonj East","adm2_pcode":"SS0803","adm1_name":"Warrap","adm1_pcode":"SS08","center_lat":7.8397522000000004,"center_lon":29.316232979999999}},{"type":"Feature","geometry":{"type":"Polygon","coordinates":[[[29.1074,9.75014],[29.09836,9.75394],[29.07838,9.75014],[29.06981,9.73633],[29.05125,9.72967],[29.03745,9.70873],[29.02412,9.70635],[29.01508,9.69684],[29.00937,9.68065],[29.00037,9.67023],[28.8167,9.49847],[28.76791,9.41919],[28.76791,9.3521],[28.80755,9.30636],[28.94442,9.31763],[29.03545,9.36208],[29.06085,9.39383],[29.14976,9.39383],[29.17728,9.41288],[29.17093,9.4277],[29.31275,9.45522],[29.34451,9.4404],[29.53809,9.75014],[29.1074,9.75014]]]},"properties":{"adm2_name":"Abiemnhom","adm2_pcode":"SS0601","adm1_name":"Unity","adm1_pcode":"SS06","center_lat":9.5287990800000006,"center_lon":29.124440150000002}},{"type":"Feature","geometry":{"type":"Polygon","coordinates":[[[31.42295,6.42346],[31.4182,6.43131],[31.42105,6.43702],[31.41724,6.43845],[31.37783,6.50423],[31.18986,6.48963],[31.17112,6.48547],[31.1857,6.46464],[31.12739,6.41882],[31.09823,6.43965],[31.0295,6.36676],[31.01284,6.33344],[31.0066,6.30636],[30.94828,6.25014],[30.86082,6.27513],[30.86082,6.23347],[30.82333,6.21473],[30.7317,6.21681],[30.68171,6.23556],[30.61188,6.25106],[31.02171,5.90953],[31.69732,5.87275],[31.66178,5.94379],[31.65868,5.97139],[31.648,5.97003],[31.63751,5.99424],[31.6199,6.01755],[31.61562,6.04159],[31.59206,6.07823],[31.5942,6.08894],[31.58207,6.10655],[31.58516,6.11511],[31.57088,6.11297],[31.56779,6.11535],[31.56945,6.12582],[31.56184,6.13629],[31.56636,6.14724],[31.56113,6.15271],[31.55994,6.16389],[31.55256,6.1746],[31.55423,6.18745],[31.54899,6.18412],[31.54613,6.18578],[31.5547,6.20101],[31.54709,6.2072],[31.54685,6.2191],[31.54114,6.226],[31.52742,6.22955],[31.53397,6.23919],[31.5229,6.24419],[31.52362,6.24835],[31.53218,6.24978],[31.53551,6.25513],[31.51861,6.26118],[31.52289,6.26879],[31.50576,6.28474],[31.50243,6.28616],[31.4978,6.27893],[31.48982,6.28569],[31.4941,6.30115],[31.48482,6.30996],[31.48292,6.31971],[31.48672,6.32685],[31.48101,6.33233],[31.48326,6.34049],[31.4784,6.3428],[31.47745,6.33732],[31.47507,6.3378],[31.46628,6.34534],[31.46412,6.35112],[31.46816,6.36088],[31.4615,6.36968],[31.44175,6.38063],[31.43081,6.37873],[31.43533,6.38777],[31.42605,6.39705],[31.42605,6.40323],[31.42177,6.40062],[31.41915,6.403],[31.42295,6.42346]]]},"properties":{"adm2_name":"Awerial","adm2_pcode":"SS0401","adm1_name":"Lakes","adm1_pcode":"SS04","center_lat":6.18804336,"center_lon":31.117666280000002}},{"type":"Feature","geometry":{"type":"Polygon","coordinates":[[[27.75773,9.60342],[27.46723,9.62094],[27.22659,9.62551],[27.22939,9.5345],[27.20029,9.50332],[27.17951,9.4472],[27.20653,9.42225],[27.23355,9.32664],[27.30215,9.25596],[27.3354,9.1936],[27.32501,9.15411],[27.3645,9.09591],[27.38113,9.01276],[27.35707,8.91569],[27.36243,8.90052],[27.3936,8.90675],[27.3936,8.84232],[27.43102,8.85063],[27.42063,8.75501],[27.46844,8.73423],[27.52248,8.73215],[27.63888,8.77372],[27.68045,8.834],[27.71579,8.82361],[27.71163,8.79451],[27.7345,8.79451],[27.78646,8.83192],[27.78646,8.86726],[27.91629,8.91528],[27.86225,8.9566],[28.03606,9.34387],[27.90745,9.60968],[27.82845,9.60288],[27.75773,9.60342]]]},"properties":{"adm2_name":"Aweil East","adm2_pcode":"SS0502","adm1_name":"Northern Bahr el Ghazal","adm1_pcode":"SS05","center_lat":9.1741019900000005,"center_lon":27.645067699999998}},{"type":"Feature","geometry":{"type":"Polygon","coordinates":[[[32.9605,10.03579],[32.95703,10.06026],[32.83957,10.06252],[32.79652,10.10103],[32.75347,10.06931],[32.77386,10.05798],[32.7648,9.99001],[32.68776,9.94923],[32.64471,10.0172],[32.59487,10.00587],[32.54729,9.90845],[32.38868,9.89259],[32.32751,9.96509],[32.19471,9.97735],[32.1032,9.86993],[32.04882,9.84954],[31.96273,9.75664],[31.96952,9.71359],[31.92194,9.71133],[31.90382,9.73625],[31.87889,9.71359],[31.86756,9.67281],[31.8653,9.65015],[31.73615,9.57538],[31.72709,9.48475],[31.70344,9.47389],[31.8721,9.36693],[31.8653,9.33974],[32.07601,9.27404],[32.07828,9.25365],[32.01031,9.19247],[32.01031,9.09958],[32.06695,8.95004],[31.95819,8.87753],[31.82633,8.87334],[31.82814,8.86763],[31.83394,8.86553],[31.83213,8.86154],[31.83566,8.85992],[31.83271,8.84807],[31.83747,8.84674],[31.83823,8.84026],[31.84261,8.83684],[31.84089,8.83303],[31.84898,8.83508],[31.85089,8.82813],[31.86107,8.82746],[31.86726,8.82032],[31.87287,8.82327],[31.87687,8.82051],[31.87363,8.81699],[31.87925,8.81376],[31.87706,8.80609],[31.88534,8.80248],[31.88277,8.79591],[31.88743,8.79515],[31.88858,8.79191],[31.89286,8.7961],[31.89895,8.79172],[31.90314,8.79677],[31.91104,8.79191],[31.91475,8.78473],[31.90818,8.78254],[31.91009,8.77997],[31.90676,8.77378],[31.91351,8.77026],[31.90856,8.76617],[31.90952,8.76369],[31.91751,8.76264],[31.91894,8.75865],[31.92132,8.76179],[31.92865,8.75941],[31.93445,8.7635],[31.93512,8.75622],[31.93873,8.75651],[31.94131,8.74889],[31.95025,8.74299],[31.94958,8.73252],[31.95234,8.7368],[31.9551,8.73228],[31.96129,8.73571],[31.96015,8.72981],[31.97481,8.72229],[31.9727,8.72059],[31.98125,8.71332],[32.09184,8.83367],[32.25772,8.928],[32.39108,9.09714],[32.42686,9.02233],[32.42947,9.08825],[32.8373,9.11997],[32.83504,9.19927],[32.87582,9.34428],[32.95965,9.37826],[32.98231,9.41678],[32.94379,9.47116],[32.96418,9.53233],[32.96418,9.58898],[32.91434,9.68187],[32.92567,9.72945],[32.95965,9.76797],[32.99817,9.77024],[32.9605,10.03579]]]},"properties":{"adm2_name":"Baliet","adm2_pcode":"SS0701","adm1_name":"Upper Nile","adm1_pcode":"SS07","center_lat":9.3975212300000006,"center_lon":32.39742115}},{"type":"Feature","geometry":{"type":"Polygon","coordinates":[[[32.39748,8.29594],[32.37327,8.43817],[32.27772,8.41968],[32.21299,8.35495],[32.19449,8.27173],[32.19449,8.19775],[32.16059,8.15152],[32.16984,8.10836],[32.23765,8.11453],[32.28388,8.00048],[32.35169,7.92343],[32.34861,7.88027],[32.36402,7.87411],[32.41334,7.9111],[32.58903,7.89877],[32.63218,7.69534],[32.62601,7.66451],[32.56745,7.59054],[32.62601,7.55047],[32.61677,7.46417],[32.74006,7.43334],[32.76164,7.44567],[32.77088,7.39944],[32.93733,7.35628],[32.96198,7.37478],[33.04521,7.22991],[33.21473,7.20833],[33.21596,7.19292],[33.25788,7.19292],[33.28871,7.23608],[33.25788,7.26998],[33.36885,7.29772],[33.40892,7.3717],[33.46132,7.3717],[33.48597,7.39019],[33.46748,7.43026],[33.52913,7.58746],[33.49514,7.7319],[33.48552,7.73277],[33.48314,7.74039],[33.48611,7.74277],[33.48492,7.74693],[33.47517,7.74693],[33.471,7.75288],[33.46262,7.75425],[33.46095,7.75151],[33.46393,7.74711],[33.46083,7.74449],[33.45667,7.74735],[33.45013,7.74556],[33.44465,7.75151],[33.44037,7.74794],[33.43644,7.75092],[33.4296,7.74407],[33.42663,7.75002],[33.42393,7.74486],[33.42068,7.74479],[33.4189,7.73741],[33.41604,7.7411],[33.4108,7.73884],[33.40105,7.74062],[33.40367,7.73491],[33.40034,7.72944],[33.39784,7.73337],[33.39427,7.73027],[33.38981,7.73603],[33.39177,7.74217],[33.38558,7.73682],[33.38213,7.74336],[33.38172,7.73604],[33.37327,7.73224],[33.37434,7.72986],[33.36565,7.73247],[33.36684,7.72891],[33.36209,7.722],[33.35007,7.73045],[33.34454,7.71885],[33.33918,7.71731],[33.34335,7.71255],[33.34037,7.70755],[33.33633,7.7154],[33.32015,7.70945],[33.32063,7.72135],[33.31563,7.72492],[33.31634,7.7317],[33.31289,7.72658],[33.30694,7.73004],[33.30373,7.72563],[33.30111,7.74181],[33.29683,7.74122],[33.29754,7.73503],[33.29243,7.73908],[33.29647,7.74895],[33.28481,7.74265],[33.28053,7.7461],[33.28553,7.74883],[33.28374,7.75264],[33.2766,7.74871],[33.27637,7.75621],[33.26923,7.75359],[33.2678,7.76002],[33.26399,7.75811],[33.26411,7.7618],[33.26173,7.76014],[33.25662,7.76537],[33.25543,7.76049],[33.25305,7.7637],[33.25447,7.7693],[33.24627,7.77263],[33.24972,7.77751],[33.24769,7.77965],[33.24341,7.77977],[33.24234,7.77548],[33.23389,7.78226],[33.2264,7.76882],[33.21718,7.77411],[33.20826,7.77209],[33.21075,7.77816],[33.20683,7.77923],[33.20421,7.774],[33.20469,7.78137],[33.20028,7.78625],[33.1959,7.78365],[33.19184,7.78589],[33.18744,7.78209],[33.18618,7.79095],[33.17893,7.78905],[33.17583,7.79535],[33.16549,7.78928],[33.16501,7.79607],[33.16988,7.79309],[33.17274,7.79928],[33.16084,7.80427],[33.15918,7.80071],[33.16144,7.79856],[33.15537,7.78905],[33.15144,7.79214],[33.1455,7.78809],[33.14217,7.79095],[33.13812,7.78607],[33.13449,7.79148],[33.1289,7.78506],[33.1258,7.79113],[33.12414,7.7872],[33.1151,7.78851],[33.11534,7.78304],[33.10855,7.7847],[33.10855,7.77983],[33.09844,7.78411],[33.10522,7.78577],[33.10677,7.7947],[33.09844,7.79256],[33.09178,7.80338],[33.08495,7.79527],[33.07874,7.79862],[33.07167,7.79163],[33.06232,7.79377],[33.06025,7.79727],[33.05547,7.7902],[33.0499,7.79306],[33.04602,7.79034],[33.04964,7.79989],[33.04738,7.81256],[33.02894,7.82898],[33.01764,7.84807],[33.00669,7.85616],[33.00479,7.86901],[33.00039,7.87305],[33.00502,7.8906],[33.01419,7.88989],[33.01657,7.89453],[33.00027,7.91529],[33.00598,7.93421],[32.998,7.94527],[33.01514,7.95818],[33.02882,7.96092],[33.03857,7.96829],[33.04084,7.97876],[33.03643,7.98786],[32.83019,7.98798],[32.92777,8.27747],[32.64479,8.43685],[32.63526,8.36111],[32.63526,8.30563],[32.51813,8.21933],[32.49348,8.21624],[32.42567,8.31796],[32.39792,8.2933],[32.39748,8.29594]]]},"properties":{"adm2_name":"Akobo","adm2_pcode":"SS0301","adm1_name":"Jonglei","adm1_pcode":"SS03","center_lat":7.8164231800000001,"center_lon":32.825092810000001}},{"type":"Feature","geometry":{"type":"Polygon","coordinates":[[[28.2111,7.93439],[28.15194,8.02258],[27.86225,8.08357],[27.87749,8.27873],[27.91713,8.33057],[27.89927,8.50032],[27.80736,8.49615],[27.72502,8.32843],[27.33776,8.19426],[27.2441,8.14217],[27.28503,8.07447],[27.35792,8.02032],[27.39749,7.9516],[27.3725,7.91203],[27.38708,7.87246],[27.62449,7.80582],[27.66198,7.84955],[27.66614,7.92453],[27.79735,7.79541],[27.80984,7.75584],[27.8744,7.73709],[27.91397,7.75167],[28.00977,7.72876],[28.01185,7.69961],[28.04726,7.6767],[28.01602,7.58715],[28.04934,7.56841],[27.99727,7.55175],[27.99727,7.52051],[28.04309,7.53925],[28.06392,7.51009],[27.99936,7.48927],[28.0056,7.34974],[27.95354,7.12065],[27.98686,7.01444],[28.09307,6.9353],[28.09307,6.86658],[28.03684,6.87074],[28.0535,6.80827],[28.03236,6.74766],[28.04826,6.73971],[28.49414,6.76107],[28.49042,7.17486],[28.53616,7.43405],[28.29526,7.65971],[28.28916,7.7085],[28.31355,7.78168],[28.2111,7.93439]]]},"properties":{"adm2_name":"Jur River","adm2_pcode":"SS0901","adm1_name":"Western Bahr el Ghazal","adm1_pcode":"SS09","center_lat":7.6159150799999997,"center_lon":28.18402919}},{"type":"Feature","geometry":{"type":"Polygon","coordinates":[[[30.32148,7.01155],[30.32143,7.01444],[30.35475,7.0311],[30.37129,7.08209],[30.2316,7.09466],[30.22304,7.11435],[30.16524,7.0915],[30.10901,6.97904],[30.04861,6.97904],[29.98405,6.89573],[29.87159,6.79577],[29.78412,6.79994],[29.72581,6.73121],[29.58628,6.66665],[29.56754,6.62083],[29.60502,6.57918],[29.60086,6.54586],[29.63418,6.54378],[29.63834,6.5771],[29.68416,6.55419],[29.74247,6.44381],[29.7508,6.39383],[29.82786,6.38134],[29.90908,6.37509],[29.92782,6.41258],[29.95697,6.42168],[29.95281,6.45631],[29.96531,6.46672],[30.01737,6.45006],[30.02779,6.50213],[30.07152,6.50213],[30.09026,6.4813],[30.12983,6.52087],[30.14024,6.57085],[30.11942,6.58543],[30.36308,6.68123],[30.36308,6.70414],[30.31935,6.71871],[30.34642,6.7916],[30.32351,6.8999],[30.32148,7.01155]]]},"properties":{"adm2_name":"Rumbek East","adm2_pcode":"SS0404","adm1_name":"Lakes","adm1_pcode":"SS04","center_lat":6.7412539100000002,"center_lon":30.031025830000001}},{"type":"Feature","geometry":{"type":"Polygon","coordinates":[[[30.67948,4.84226],[30.70295,4.84917],[30.80379,4.93048],[30.86233,4.93048],[30.91112,5.03457],[30.89161,5.08336],[30.90462,5.15166],[30.93714,5.15166],[30.96317,5.20696],[30.93064,5.25575],[30.92413,5.38586],[30.99569,5.38586],[31.01846,5.57451],[30.65416,5.74365],[30.5946,5.80107],[30.34004,5.66716],[30.47794,5.62263],[30.57992,5.49191],[30.4133,5.45888],[30.43915,5.36694],[30.4018,5.27214],[30.43915,5.22761],[30.41617,5.09114],[30.49661,4.91446],[30.48368,4.87568],[30.51241,4.86706],[30.53725,4.80043],[30.67948,4.84226]]]},"properties":{"adm2_name":"Mundri East","adm2_pcode":"SS1004","adm1_name":"Western Equatoria","adm1_pcode":"SS10","center_lat":5.2975759399999998,"center_lon":30.67018903}},{"type":"Feature","geometry":{"type":"Polygon","coordinates":[[[29.6175,5.67578],[29.57699,5.71029],[29.56989,5.67548],[29.33592,5.6922],[29.31836,5.60881],[29.35427,5.51723],[29.31477,5.43464],[29.33452,5.35204],[29.37223,5.29997],[29.3848,5.19583],[29.37402,5.10605],[29.35607,5.0863],[29.39377,5.01088],[29.35966,4.97318],[29.39198,4.93188],[29.37941,4.86544],[29.39737,4.82773],[29.36684,4.78285],[29.41173,4.71102],[29.43328,4.70923],[29.42969,4.641],[29.46942,4.58424],[29.47245,4.5839],[29.47311,4.59088],[29.4776,4.5957],[29.47195,4.61049],[29.47328,4.62113],[29.46979,4.6286],[29.47345,4.63309],[29.46929,4.63774],[29.46979,4.6542],[29.46397,4.6655],[29.46696,4.67214],[29.47477,4.66766],[29.48458,4.67214],[29.48408,4.68973],[29.49605,4.69887],[29.50219,4.69571],[29.50319,4.69122],[29.51117,4.69056],[29.51217,4.67626],[29.51649,4.67626],[29.52313,4.66347],[29.53078,4.65799],[29.53668,4.65751],[29.54831,4.66852],[29.55496,4.6708],[29.56534,4.66291],[29.5803,4.66353],[29.58674,4.65688],[29.59692,4.65522],[29.59775,4.65148],[29.61894,4.66],[29.63098,4.65252],[29.64033,4.6519],[29.6449,4.64733],[29.65757,4.64442],[29.6584,4.63715],[29.66297,4.633],[29.6771,4.63383],[29.68375,4.62074],[29.70909,4.61725],[29.70659,4.60915],[29.71324,4.59939],[29.72467,4.59378],[29.72924,4.58468],[29.73464,4.58281],[29.74336,4.57076],[29.75146,4.57139],[29.76455,4.58904],[29.77182,4.58634],[29.77161,4.58073],[29.78158,4.57616],[29.78096,4.57139],[29.79779,4.55954],[29.95484,4.65076],[30.07844,4.6475],[30.2053,4.7093],[30.13893,4.76794],[30.14324,4.83546],[30.08866,4.91159],[30.10733,4.92021],[30.05849,5.08971],[30.0154,5.12131],[29.93783,5.23048],[29.79706,5.24197],[29.76977,5.39998],[29.81861,5.47468],[29.80711,5.61258],[29.84388,5.65158],[29.6175,5.67578]]]},"properties":{"adm2_name":"Maridi","adm2_pcode":"SS1003","adm1_name":"Western Equatoria","adm1_pcode":"SS10","center_lat":5.1443224399999998,"center_lon":29.688832080000001}},{"type":"Feature","geometry":{"type":"Polygon","coordinates":[[[28.91055,4.57644],[28.90897,4.57815],[28.92513,4.60688],[28.92334,4.66254],[28.86408,4.71641],[28.86947,4.82414],[28.87665,4.8816],[28.77969,4.99652],[28.69889,5.01447],[28.59295,5.2066],[28.61091,5.38077],[28.63784,5.42566],[28.65041,5.50466],[28.78149,5.60162],[28.88383,5.72372],[28.89668,5.77609],[28.81975,5.81576],[28.65508,6.0597],[28.57275,6.07495],[28.51125,6.01573],[28.47759,5.90126],[28.48657,5.80924],[28.41699,5.68803],[28.26436,5.57132],[28.17683,5.42094],[28.23519,5.31321],[28.30252,5.26383],[28.28456,5.12243],[28.32272,5.06632],[28.29803,4.99674],[28.29803,4.70272],[28.34965,4.68476],[28.30701,4.60172],[28.27334,4.58601],[28.29354,4.55907],[28.32496,4.5501],[28.32496,4.50072],[28.2913,4.46481],[28.30028,4.44012],[28.35414,4.40196],[28.36761,4.36156],[28.35729,4.34866],[28.36783,4.3391],[28.36708,4.32654],[28.3721,4.31952],[28.3726,4.29215],[28.37838,4.2914],[28.37838,4.28588],[28.3844,4.28236],[28.39143,4.2909],[28.40398,4.28939],[28.41854,4.28011],[28.4336,4.28914],[28.45419,4.28688],[28.45569,4.29366],[28.46272,4.29266],[28.47151,4.30897],[28.47527,4.30671],[28.47929,4.30847],[28.4946,4.32843],[28.49535,4.33269],[28.49033,4.33947],[28.50188,4.34851],[28.49736,4.3578],[28.50765,4.36106],[28.51343,4.36784],[28.51092,4.38114],[28.52648,4.37888],[28.54455,4.38717],[28.57809,4.38382],[28.58849,4.38738],[28.59414,4.40135],[28.59949,4.40462],[28.59949,4.41621],[28.60543,4.42185],[28.61732,4.42304],[28.62593,4.41977],[28.63663,4.42393],[28.64079,4.41918],[28.65,4.4269],[28.65892,4.42572],[28.67289,4.43255],[28.67497,4.43671],[28.66932,4.44444],[28.67794,4.4489],[28.68566,4.45855],[28.68923,4.47965],[28.7023,4.48768],[28.70052,4.496],[28.69517,4.50105],[28.69575,4.50778],[28.69814,4.51204],[28.70676,4.51531],[28.7133,4.51234],[28.72519,4.52452],[28.724,4.52809],[28.71687,4.52928],[28.71597,4.53344],[28.72429,4.53908],[28.72548,4.548],[28.73113,4.54681],[28.73678,4.54057],[28.74391,4.54622],[28.7659,4.54741],[28.77392,4.55602],[28.77392,4.56078],[28.77838,4.56048],[28.79383,4.57237],[28.81047,4.56672],[28.82028,4.5694],[28.83068,4.55579],[28.82533,4.54984],[28.82533,4.54301],[28.83246,4.53558],[28.82919,4.52577],[28.83009,4.50646],[28.83692,4.49249],[28.84481,4.48455],[28.85257,4.48227],[28.85486,4.48638],[28.85988,4.48394],[28.86718,4.49216],[28.87433,4.49383],[28.87813,4.49064],[28.88407,4.49368],[28.88574,4.48973],[28.90932,4.47755],[28.91632,4.47816],[28.92195,4.48516],[28.92697,4.47831],[28.93801,4.47529],[28.94115,4.47738],[28.93052,4.55481],[28.91055,4.57644]]]},"properties":{"adm2_name":"Yambio","adm2_pcode":"SS1010","adm1_name":"Western Equatoria","adm1_pcode":"SS10","center_lat":5.1755589000000004,"center_lon":28.450689499999999}},{"type":"Feature","geometry":{"type":"Polygon","coordinates":[[[31.49438,8.57321],[31.52564,8.67551],[31.4979,8.68167],[31.50667,8.77526],[31.11261,8.84195],[31.0448,8.84811],[30.79513,8.70016],[30.56704,8.66318],[30.33279,8.57071],[30.29651,8.58256],[30.28609,8.56679],[30.27344,8.55593],[30.2732,8.54879],[30.27986,8.54618],[30.2963,8.55219],[30.29939,8.54398],[30.30675,8.53809],[30.30627,8.53071],[30.31103,8.52167],[30.33745,8.52095],[30.34268,8.48978],[30.35126,8.48126],[30.36518,8.47629],[30.35293,8.46927],[30.35459,8.45903],[30.36195,8.45695],[30.36933,8.46361],[30.38041,8.45642],[30.37868,8.4501],[30.36922,8.4488],[30.36139,8.44032],[30.3798,8.43006],[30.38051,8.42649],[30.36743,8.42149],[30.35743,8.41364],[30.36137,8.40181],[30.35911,8.39562],[30.34054,8.39127],[30.33554,8.38366],[30.33816,8.37414],[30.349,8.36421],[30.33816,8.35487],[30.34887,8.35177],[30.35315,8.34535],[30.34768,8.33678],[30.3466,8.3284],[30.35529,8.30466],[30.34958,8.29943],[30.33959,8.30062],[30.33578,8.298],[30.33388,8.29015],[30.33545,8.28654],[30.34625,8.28182],[30.35244,8.26611],[30.35006,8.26017],[30.33887,8.25755],[30.32336,8.24097],[30.32555,8.23804],[30.34458,8.23375],[30.3472,8.22471],[30.33898,8.21716],[30.32031,8.21043],[30.32031,8.20639],[30.32936,8.19901],[30.31437,8.16641],[30.31771,8.16302],[30.3246,8.1657],[30.32983,8.16308],[30.32476,8.15461],[30.32745,8.135],[30.33982,8.10383],[30.34458,8.10241],[30.3453,8.10883],[30.35496,8.10801],[30.35981,8.11502],[30.36005,8.1243],[30.36552,8.12953],[30.36981,8.12406],[30.36494,8.11363],[30.36616,8.10752],[30.39265,8.10883],[30.39932,8.10569],[30.39455,8.08337],[30.40201,8.07521],[30.41549,8.07385],[30.40764,8.06695],[30.40813,8.05334],[30.41348,8.04822],[30.43001,8.04387],[30.43001,8.03554],[30.44239,8.02157],[30.44465,8.01003],[30.45446,7.9983],[30.45511,7.99128],[30.44181,7.99153],[30.44109,7.97928],[30.4443,7.97738],[30.45906,7.98249],[30.45513,7.97],[30.46941,7.95073],[30.47333,7.94597],[30.49582,7.93907],[30.5032,7.92455],[30.52188,7.90397],[30.51117,7.89374],[30.51527,7.88482],[30.53163,7.87113],[30.52544,7.86364],[30.52366,7.84317],[30.52722,7.83842],[30.54746,7.83069],[30.55178,7.82295],[30.54936,7.81748],[30.53853,7.81748],[30.5307,7.80425],[30.53496,7.80237],[30.55495,7.80605],[30.55959,7.80022],[30.54722,7.79582],[30.5402,7.78428],[30.54983,7.76203],[30.52913,7.75204],[30.53449,7.73741],[30.52866,7.72848],[30.52806,7.71873],[30.5214,7.71552],[30.52485,7.70731],[30.52176,7.70491],[30.67492,7.69534],[30.95849,7.81246],[31.28214,7.83404],[31.35919,7.93884],[31.60009,8.03707],[31.52564,8.09912],[31.5318,8.14227],[31.69516,8.30871],[31.70756,8.34797],[31.65509,8.48132],[31.59961,8.5029],[31.54413,8.49981],[31.49173,8.56454],[31.49438,8.57321]]]},"properties":{"adm2_name":"Ayod","adm2_pcode":"SS0302","adm1_name":"Jonglei","adm1_pcode":"SS03","center_lat":8.2704467800000003,"center_lon":31.004532919999999}},{"type":"Feature","geometry":{"type":"Polygon","coordinates":[[[33.1566,4.28529],[33.05195,4.41562],[32.9439,4.37392],[32.9764,4.30302],[32.92322,4.26461],[32.86414,4.31483],[32.85528,4.24689],[32.77552,4.26461],[32.82869,4.1494],[32.79029,4.07555],[32.88302,3.80794],[32.9019,3.81289],[33.0285,3.89091],[33.17976,3.77614],[33.51182,3.74911],[33.59537,3.83356],[33.4727,3.96624],[33.23341,4.1169],[33.28068,4.19371],[33.1566,4.28529]]]},"properties":{"adm2_name":"Ikotos","adm2_pcode":"SS0202","adm1_name":"Eastern Equatoria","adm1_pcode":"SS02","center_lat":4.0809005699999998,"center_lon":33.04183063}},{"type":"Feature","geometry":{"type":"Polygon","coordinates":[[[28.64319,8.20788],[28.65492,8.24308],[28.58377,8.37668],[28.59539,8.51463],[28.66218,8.60175],[28.65783,8.67726],[29.03538,8.82828],[29.16572,8.90487],[29.09724,9.0371],[28.69472,9.02796],[28.63605,9.01125],[28.60846,8.98802],[28.62007,8.93138],[28.58667,8.90815],[28.57941,8.8704],[28.52859,8.82974],[28.53149,8.79053],[28.45889,8.7731],[28.41823,8.74551],[28.41242,8.66274],[28.36595,8.63515],[28.32965,8.55238],[28.32094,8.48849],[28.228,8.45799],[28.1917,8.42169],[28.22945,8.34618],[28.20912,8.30552],[28.20041,8.14579],[28.16846,8.11675],[28.16846,8.09496],[28.17863,8.07028],[28.1521,8.02233],[28.17116,7.99393],[28.20767,8.04414],[28.26866,8.07028],[28.33981,8.13417],[28.45163,8.18064],[28.52278,8.16467],[28.63169,8.17338],[28.64319,8.20788]]]},"properties":{"adm2_name":"Gogrial East","adm2_pcode":"SS0801","adm1_name":"Warrap","adm1_pcode":"SS08","center_lat":8.5165278900000008,"center_lon":28.460801740000001}},{"type":"Feature","geometry":{"type":"Polygon","coordinates":[[[33.07974,10.60176],[33.36009,10.69385],[33.21904,10.735],[33.26568,10.82923],[33.23523,10.99722],[33.13529,11.62587],[33.17561,11.74284],[33.25681,12.16581],[33.29203,12.20055],[33.29774,12.21197],[33.0213,12.22678],[32.73054,12.23635],[32.74119,12.21504],[32.74492,12.19266],[32.738,12.14844],[32.75611,12.06692],[32.75025,12.04934],[32.75771,12.03069],[32.75878,12.01258],[32.75505,11.97422],[32.74492,11.9545],[32.73534,11.87964],[32.78066,11.78448],[32.78972,11.70518],[32.71495,11.5715],[32.68323,11.4129],[32.64471,11.29508],[32.6719,11.15007],[32.66737,11.02772],[32.63792,10.97788],[32.57901,10.95975],[32.46799,10.84873],[32.53369,10.84193],[32.74441,10.80341],[32.84863,10.76716],[32.89621,10.72185],[32.90301,10.64934],[32.86902,10.61083],[32.91887,10.52473],[32.91207,10.46582],[32.86449,10.47715],[32.86222,10.4205],[32.95965,10.34573],[33.07974,10.60176]]]},"properties":{"adm2_name":"Renk","adm2_pcode":"SS0711","adm1_name":"Upper Nile","adm1_pcode":"SS07","center_lat":11.2888182,"center_lon":32.918168000000001}},{"type":"Feature","geometry":{"type":"Polygon","coordinates":[[[30.86498,6.59793],[30.78584,6.67915],[30.72961,6.69164],[30.63173,6.66873],[30.56717,6.61042],[30.48179,6.59168],[30.42972,6.60834],[30.42347,6.64374],[30.36308,6.68123],[30.11942,6.58543],[30.14024,6.57085],[30.12983,6.52087],[30.09026,6.4813],[30.07152,6.50213],[30.02779,6.50213],[30.01737,6.45006],[29.96531,6.46672],[29.95281,6.45631],[29.95697,6.42168],[29.97364,6.39592],[29.9675,6.36367],[30.12183,6.35244],[30.15537,6.23657],[30.20721,6.15728],[30.19196,6.09325],[30.30394,6.08125],[30.52406,6.09168],[30.61188,6.25106],[30.68171,6.23556],[30.7317,6.21681],[30.82333,6.21473],[30.86082,6.23347],[30.86082,6.27513],[30.94828,6.25014],[31.0066,6.30636],[31.01284,6.33344],[30.92954,6.38759],[30.9462,6.44381],[30.83791,6.54586],[30.85873,6.57085],[30.86498,6.59793]]]},"properties":{"adm2_name":"Yirol West","adm2_pcode":"SS0408","adm1_name":"Lakes","adm1_pcode":"SS04","center_lat":6.3845809999999998,"center_lon":30.452821190000002}},{"type":"Feature","geometry":{"type":"Polygon","coordinates":[[[35.09476,5.7436],[35.03962,5.84048],[34.99786,5.89859],[35.00205,5.93487],[34.99299,5.94728],[34.99333,5.96741],[34.99853,5.98602],[35.01044,5.99369],[35.01173,6.00819],[34.14426,5.72088],[33.73478,5.77959],[33.62631,5.41969],[33.78288,5.27789],[33.63518,4.76386],[33.74153,4.65456],[33.93835,4.18052],[34.37747,4.63272],[35.95099,4.62824],[35.95192,4.63216],[35.87668,4.71847],[35.86268,4.74103],[35.83841,4.76614],[35.82889,4.78303],[35.82294,4.8073],[35.81236,4.82467],[35.8061,4.8466],[35.80783,4.85656],[35.81675,4.87143],[35.818,4.88182],[35.81688,4.89391],[35.79736,4.94745],[35.7957,4.99088],[35.8082,5.03883],[35.8051,5.04869],[35.80611,5.07457],[35.82071,5.0881],[35.81785,5.09976],[35.82152,5.10972],[35.82862,5.11572],[35.82798,5.11894],[35.83768,5.12371],[35.84829,5.14021],[35.84636,5.14214],[35.85043,5.14525],[35.85086,5.15007],[35.85676,5.15044],[35.86463,5.17038],[35.86437,5.18304],[35.85343,5.20516],[35.85322,5.21813],[35.83194,5.2423],[35.82701,5.25359],[35.82915,5.2643],[35.8357,5.27274],[35.84272,5.27465],[35.84093,5.2781],[35.85269,5.28713],[35.85233,5.29093],[35.85852,5.29177],[35.8584,5.29593],[35.86397,5.30241],[35.86256,5.32085],[35.85792,5.32359],[35.85626,5.32157],[35.85281,5.32633],[35.84198,5.32752],[35.83889,5.33715],[35.83056,5.33888],[35.82259,5.3365],[35.82104,5.34251],[35.81319,5.34626],[35.79058,5.34828],[35.78261,5.35619],[35.7769,5.35524],[35.77476,5.35881],[35.77155,5.35524],[35.77405,5.34941],[35.76203,5.35512],[35.75385,5.36078],[35.75715,5.36428],[35.75275,5.3669],[35.75656,5.36999],[35.75251,5.37451],[35.74799,5.37154],[35.74706,5.37542],[35.74062,5.37784],[35.738,5.37487],[35.73657,5.3801],[35.72884,5.37517],[35.72895,5.38052],[35.72491,5.3779],[35.72337,5.38837],[35.71706,5.38647],[35.71777,5.39289],[35.71147,5.38944],[35.70826,5.3923],[35.70659,5.38944],[35.701,5.39408],[35.68863,5.38623],[35.68791,5.39051],[35.68291,5.38843],[35.68077,5.39248],[35.67458,5.38641],[35.66697,5.38915],[35.66185,5.38677],[35.65662,5.38891],[35.65722,5.39367],[35.65329,5.39521],[35.63853,5.38623],[35.63568,5.38885],[35.63247,5.38468],[35.62438,5.38587],[35.62164,5.38302],[35.61867,5.38528],[35.61748,5.40479],[35.60748,5.40467],[35.60617,5.40003],[35.60296,5.40205],[35.59999,5.40003],[35.59154,5.40854],[35.59261,5.4133],[35.58762,5.41508],[35.58678,5.41889],[35.57393,5.41863],[35.57417,5.41539],[35.57069,5.41423],[35.55842,5.41493],[35.54083,5.42488],[35.52809,5.42396],[35.52485,5.42025],[35.51212,5.42558],[35.50702,5.42511],[35.50262,5.41933],[35.49267,5.42118],[35.47993,5.41261],[35.47507,5.41261],[35.45516,5.39363],[35.44914,5.39478],[35.44382,5.38622],[35.42367,5.37371],[35.41603,5.37256],[35.41302,5.36607],[35.37852,5.36075],[35.35483,5.35022],[35.33845,5.33815],[35.31057,5.33755],[35.29495,5.3692],[35.30029,5.39332],[35.29475,5.40242],[35.29475,5.43228],[35.30207,5.44078],[35.30947,5.46458],[35.30662,5.4743],[35.30919,5.4836],[35.30464,5.49348],[35.30662,5.50337],[35.12705,5.6292],[35.1265,5.68785],[35.09476,5.7436]]]},"properties":{"adm2_name":"Kapoeta East","adm2_pcode":"SS0203","adm1_name":"Eastern Equatoria","adm1_pcode":"SS02","center_lat":5.09454429,"center_lon":34.774824850000002}},{"type":"Feature","geometry":{"type":"Polygon","coordinates":[[[34.14822,8.8388],[34.14767,9.00701],[34.13481,9.19793],[33.96337,9.20153],[34.00642,8.97269],[33.87501,8.89793],[33.69149,8.88433],[33.6643,8.84128],[33.60765,8.83675],[33.57367,8.89113],[33.47171,8.95457],[33.46265,8.91605],[33.51249,8.81636],[33.4989,8.8005],[33.53742,8.69627],[33.52156,8.59432],[33.56914,8.549],[33.61672,8.54447],[33.64844,8.51502],[33.64074,8.4637],[33.65108,8.462],[33.66429,8.44743],[33.67702,8.44523],[33.67963,8.43868],[33.67381,8.43238],[33.67381,8.42762],[33.67916,8.42131],[33.68141,8.40849],[33.6901,8.39782],[33.68939,8.38628],[33.69534,8.38509],[33.70034,8.37747],[33.7095,8.37872],[33.71366,8.37111],[33.73091,8.36813],[33.75078,8.37878],[33.76851,8.36653],[33.77662,8.37407],[33.78804,8.37895],[33.79633,8.39366],[33.81255,8.39739],[33.82239,8.40865],[33.83265,8.4131],[33.83443,8.42024],[33.82765,8.42443],[33.83953,8.4323],[33.84895,8.4358],[33.87415,8.43551],[33.87672,8.44872],[33.89064,8.46221],[33.89544,8.47884],[33.90613,8.48669],[33.92562,8.48776],[33.93054,8.4954],[33.94346,8.50043],[33.95738,8.49458],[33.97209,8.50347],[33.97487,8.50183],[33.9748,8.49462],[33.98422,8.49055],[34.00093,8.49605],[34.01634,8.48904],[34.02799,8.49497],[34.04628,8.5415],[34.04723,8.55328],[34.04398,8.56094],[34.04915,8.56611],[34.05719,8.58948],[34.07251,8.61211],[34.0806,8.63527],[34.08721,8.63675],[34.092,8.64569],[34.11724,8.64202],[34.14693,8.64534],[34.14822,8.8388]]]},"properties":{"adm2_name":"Maiwut","adm2_pcode":"SS0706","adm1_name":"Upper Nile","adm1_pcode":"SS07","center_lat":8.7801053800000002,"center_lon":33.827132579999997}},{"type":"Feature","geometry":{"type":"Polygon","coordinates":[[[32.14076,10.4308],[32.13492,10.43183],[32.11226,10.46582],[32.11453,10.53832],[32.32071,10.71958],[32.32751,10.7581],[32.37282,10.79888],[32.40681,10.80568],[32.44986,10.84193],[32.46799,10.84873],[32.57901,10.95975],[32.63792,10.97788],[32.66737,11.02772],[32.6719,11.15007],[32.64471,11.29508],[32.68323,11.4129],[32.71495,11.5715],[32.78972,11.70518],[32.78066,11.78448],[32.73534,11.87964],[32.74546,11.94758],[32.10658,11.945],[32.37593,11.71229],[32.3845,11.69658],[32.39237,11.66604],[32.39345,11.21974],[32.40155,11.1744],[32.41558,11.14094],[32.47063,11.04272],[32.4404,11.02653],[32.14736,10.73727],[31.99517,10.65362],[31.97305,10.62718],[31.85756,10.40807],[31.78868,10.30371],[31.81998,10.25284],[31.96273,10.22112],[32.08281,10.14861],[32.0964,10.18033],[32.28899,10.12369],[32.30032,10.14408],[32.25274,10.2755],[32.25954,10.38652],[32.23235,10.43636],[32.17344,10.42503],[32.14076,10.4308]]]},"properties":{"adm2_name":"Manyo","adm2_pcode":"SS0708","adm1_name":"Upper Nile","adm1_pcode":"SS07","center_lat":11.035591950000001,"center_lon":32.560934930000002}},{"type":"Feature","geometry":{"type":"Polygon","coordinates":[[[30.72186,7.17826],[30.72971,7.20325],[30.7259,7.20967],[30.71267,7.21435],[30.61887,7.20139],[30.53654,7.06721],[30.37129,7.08209],[30.35475,7.0311],[30.32143,7.01444],[30.32351,6.8999],[30.34642,6.7916],[30.31935,6.71871],[30.36308,6.70414],[30.36308,6.68123],[30.42347,6.64374],[30.42972,6.60834],[30.48179,6.59168],[30.56717,6.61042],[30.63173,6.66873],[30.72961,6.69164],[30.78584,6.67915],[30.86498,6.59793],[30.85873,6.57085],[30.83791,6.54586],[30.9462,6.44381],[30.92954,6.38759],[31.01284,6.33344],[31.0295,6.36676],[31.09823,6.43965],[31.12739,6.41882],[31.1857,6.46464],[31.17112,6.48547],[31.18986,6.48963],[31.37783,6.50423],[31.32721,6.58216],[31.33078,6.59929],[31.32352,6.6075],[31.32138,6.61702],[31.31424,6.62202],[31.31853,6.63106],[31.31139,6.63344],[31.30044,6.63201],[31.29949,6.65366],[31.28878,6.65819],[31.2851,6.67686],[31.28081,6.68115],[31.26963,6.68091],[31.26606,6.68495],[31.26558,6.68995],[31.27248,6.70185],[31.27106,6.70589],[31.26796,6.70923],[31.25749,6.70613],[31.25369,6.72017],[31.23513,6.72921],[31.22739,6.74551],[31.22264,6.74504],[31.22668,6.74218],[31.22597,6.73837],[31.22002,6.73909],[31.21383,6.75384],[31.2105,6.74908],[31.20693,6.75027],[31.21121,6.77145],[31.20717,6.77478],[31.19741,6.76978],[31.19384,6.77454],[31.20217,6.79025],[31.19265,6.79144],[31.19646,6.80524],[31.19167,6.80594],[30.82429,7.11738],[30.81539,7.11802],[30.81493,7.12493],[30.80849,7.11278],[30.80682,7.12135],[30.80397,7.12254],[30.80326,7.11897],[30.79992,7.1223],[30.80248,7.13575],[30.79493,7.13705],[30.79148,7.12774],[30.77518,7.13595],[30.76733,7.13297],[30.76327,7.13684],[30.76254,7.14995],[30.74398,7.16398],[30.73518,7.1804],[30.72186,7.17826]]]},"properties":{"adm2_name":"Yirol East","adm2_pcode":"SS0407","adm1_name":"Lakes","adm1_pcode":"SS04","center_lat":6.77382755,"center_lon":30.767020540000001}},{"type":"Feature","geometry":{"type":"Polygon","coordinates":[[[29.40974,6.80779],[29.41551,6.82076],[29.50922,6.84367],[29.52588,6.90406],[29.45299,6.9832],[29.59669,7.20187],[29.59044,7.28518],[29.28014,7.46011],[29.27806,7.48719],[29.17011,7.5108],[29.07894,7.42186],[28.86549,7.05593],[28.98136,6.76014],[28.99346,6.69015],[29.13644,6.72288],[29.16352,6.76245],[29.18642,6.76245],[29.25307,6.68123],[29.37386,6.72705],[29.40974,6.80779]]]},"properties":{"adm2_name":"Cueibet","adm2_pcode":"SS0402","adm1_name":"Lakes","adm1_pcode":"SS04","center_lat":7.10207839,"center_lon":29.21175972}},{"type":"Feature","geometry":{"type":"Polygon","coordinates":[[[32.12034,5.13695],[32.09834,5.21346],[32.10224,5.36788],[31.82873,5.46541],[31.73735,5.12271],[31.253,5.31234],[31.18218,5.31234],[31.00169,5.27121],[30.92418,5.38519],[30.93064,5.25575],[30.96317,5.20696],[30.93714,5.15166],[30.90462,5.15166],[30.89161,5.08336],[30.91112,5.03457],[30.86233,4.93048],[30.80379,4.93048],[30.70295,4.84917],[30.53707,4.80038],[30.51383,4.67002],[31.17503,4.37347],[31.12734,4.33222],[31.18674,4.3048],[31.17483,4.25475],[31.12734,4.2751],[31.04281,4.25226],[31.0588,4.11518],[31.10907,4.15402],[31.21043,4.02022],[31.45633,4.12203],[31.57742,4.12888],[31.61854,4.02379],[31.69394,3.95754],[31.72803,3.99162],[31.72429,4.00022],[31.76332,4.0295],[31.86415,4.03926],[31.9845,4.10431],[31.99751,4.24417],[32.04955,4.23767],[32.07232,4.27019],[32.06582,4.47836],[32.00727,4.5174],[32.15039,4.55318],[32.12436,4.59871],[32.17315,4.95325],[32.12034,5.13695]]]},"properties":{"adm2_name":"Juba","adm2_pcode":"SS0101","adm1_name":"Central Equatoria","adm1_pcode":"SS01","center_lat":4.7133228699999998,"center_lon":31.330984959999999}},{"type":"Feature","geometry":{"type":"Polygon","coordinates":[[[27.62323,7.80617],[27.38708,7.87246],[27.3725,7.91203],[27.39749,7.9516],[27.35792,8.02032],[27.28503,8.07447],[27.2441,8.14217],[26.92903,7.96694],[26.87685,7.6892],[26.8227,7.64754],[26.75606,7.48927],[26.7269,7.29351],[26.6561,7.20187],[26.61028,7.17896],[26.52281,7.03318],[26.51448,6.96238],[26.47283,6.90615],[26.44576,6.82701],[26.47075,6.71038],[26.44784,6.6729],[26.45633,6.65379],[27.93238,6.79765],[28.03236,6.74766],[28.0535,6.80827],[28.03684,6.87074],[28.09307,6.86658],[28.09307,6.9353],[27.98686,7.01444],[27.95354,7.12065],[28.0056,7.34974],[27.99936,7.48927],[28.06392,7.51009],[28.04309,7.53925],[27.99727,7.52051],[27.99727,7.55175],[28.04934,7.56841],[28.01602,7.58715],[28.04726,7.6767],[28.01185,7.69961],[28.00977,7.72876],[27.91397,7.75167],[27.8744,7.73709],[27.80984,7.75584],[27.79735,7.79541],[27.66614,7.92453],[27.66198,7.84955],[27.62323,7.80617]]]},"properties":{"adm2_name":"Wau","adm2_pcode":"SS0903","adm1_name":"Western Bahr el Ghazal","adm1_pcode":"SS09","center_lat":7.3935202499999999,"center_lon":27.37272145}},{"type":"Feature","geometry":{"type":"Polygon","coordinates":[[[26.35861,8.99747],[26.373,9.11462],[26.28362,9.17282],[26.15021,9.20888],[26.13631,9.06943],[26.21425,8.60345],[26.33351,8.63861],[26.47693,8.78204],[26.5871,8.80906],[26.63075,8.90468],[26.65777,8.9026],[26.68479,8.8735],[26.71389,8.86518],[26.743,8.88597],[26.84485,8.87142],[26.84901,8.9608],[26.87603,8.95456],[26.93215,8.87973],[26.94462,8.80698],[26.99451,8.74878],[27.13793,8.68226],[27.18782,8.75709],[27.21276,8.73007],[27.3167,8.72176],[27.32917,8.70305],[27.34164,8.71344],[27.33748,8.73215],[27.35411,8.73839],[27.37074,8.72591],[27.42092,8.75769],[27.43102,8.85063],[27.3936,8.84232],[27.3936,8.90675],[27.36243,8.90052],[27.35707,8.91569],[27.25849,8.96703],[27.15041,9.1354],[27.11923,9.14995],[27.08181,9.12293],[27.10052,9.15619],[26.98412,9.17282],[26.96125,9.13956],[26.93215,9.11877],[26.89266,9.1458],[26.79288,9.1167],[26.71182,9.13748],[26.57463,9.06057],[26.44991,9.09383],[26.35861,8.99747]]]},"properties":{"adm2_name":"Aweil West","adm2_pcode":"SS0505","adm1_name":"Northern Bahr el Ghazal","adm1_pcode":"SS05","center_lat":8.9057152399999993,"center_lon":26.505065510000001}},{"type":"Feature","geometry":{"type":"Polygon","coordinates":[[[32.65399,4.68277],[32.5894,4.94407],[32.48601,4.92339],[32.46828,4.83181],[32.50373,4.78159],[32.46237,4.67524],[32.47715,4.51276],[32.30285,4.56298],[32.13902,4.57306],[32.15039,4.55318],[32.00727,4.5174],[32.06582,4.47836],[32.0692,4.37019],[32.30876,4.16122],[32.51555,4.09918],[32.64258,3.88352],[32.77256,3.82149],[32.79915,3.89534],[32.85002,3.90317],[32.79029,4.07555],[32.82869,4.1494],[32.77552,4.26461],[32.85528,4.24689],[32.86414,4.31483],[32.92322,4.26461],[32.9764,4.30302],[32.9439,4.37392],[33.05195,4.41562],[32.97344,4.50981],[32.93209,4.49208],[32.89073,4.62797],[32.81097,4.65456],[32.73711,4.6132],[32.71052,4.68115],[32.65399,4.68277]]]},"properties":{"adm2_name":"Torit","adm2_pcode":"SS0208","adm1_name":"Eastern Equatoria","adm1_pcode":"SS02","center_lat":4.3825258800000002,"center_lon":32.517511720000002}},{"type":"Feature","geometry":{"type":"Polygon","coordinates":[[[30.33094,4.65927],[30.29962,4.68328],[30.2053,4.7093],[30.07844,4.6475],[29.95484,4.65076],[29.80938,4.56455],[29.81318,4.55768],[29.82609,4.56303],[29.82893,4.55884],[29.81931,4.55071],[29.81965,4.54226],[29.8161,4.54222],[29.80939,4.5251],[29.80972,4.51436],[29.80166,4.51201],[29.80166,4.50765],[29.80804,4.50429],[29.80905,4.49892],[29.8067,4.48248],[29.80871,4.47207],[29.79797,4.43884],[29.79999,4.4234],[29.79697,4.41803],[29.80234,4.40192],[29.79864,4.39621],[29.79999,4.37909],[29.79697,4.37272],[29.81341,4.36768],[29.81509,4.36265],[29.82818,4.3613],[29.83657,4.33949],[29.84161,4.33613],[29.89968,4.34855],[29.94264,4.31817],[29.94096,4.31482],[29.94331,4.31179],[29.95271,4.31045],[29.96479,4.3024],[29.9705,4.29166],[29.95506,4.27118],[29.9564,4.26044],[29.94734,4.25406],[29.94499,4.24533],[29.95372,4.24097],[29.95305,4.23392],[29.95674,4.22687],[29.96849,4.2215],[29.97084,4.2111],[29.9752,4.20657],[29.97889,4.20657],[29.98124,4.21563],[29.98728,4.21664],[30.00742,4.20992],[30.0232,4.21093],[30.02756,4.19348],[30.03125,4.1918],[30.02689,4.18508],[30.0289,4.17468],[30.04569,4.15118],[30.05039,4.15018],[30.05777,4.13373],[30.06683,4.13239],[30.06986,4.12634],[30.07523,4.12601],[30.07892,4.12937],[30.09536,4.12634],[30.09637,4.12299],[30.10308,4.12232],[30.12591,4.10902],[30.14672,4.1097],[30.15243,4.11238],[30.15813,4.12077],[30.16216,4.11977],[30.16619,4.09963],[30.16384,4.07512],[30.17089,4.06774],[30.17022,4.05968],[30.15948,4.05129],[30.17559,4.03753],[30.19203,4.03249],[30.19539,4.00799],[30.20311,4.00195],[30.19271,3.98299],[30.19841,3.96989],[30.19506,3.96721],[30.21016,3.95613],[30.2058,3.94942],[30.21117,3.93767],[30.22359,3.93398],[30.2303,3.94103],[30.23567,3.93566],[30.24104,3.93499],[30.25245,3.94606],[30.26789,3.9464],[30.27293,3.94976],[30.27561,3.95882],[30.27998,3.95647],[30.28199,3.94841],[30.28971,3.94741],[30.29642,3.94069],[30.29911,3.92122],[30.30817,3.92626],[30.33267,3.91753],[30.33804,3.92022],[30.3414,3.92659],[30.34509,3.92257],[30.35114,3.92324],[30.34979,3.9172],[30.35785,3.91115],[30.38638,3.90881],[30.38034,3.90108],[30.38168,3.89739],[30.39041,3.89169],[30.39712,3.89437],[30.39712,3.88665],[30.4035,3.88027],[30.4045,3.86752],[30.41155,3.86483],[30.41659,3.86819],[30.42733,3.86551],[30.43236,3.86853],[30.43874,3.88128],[30.44713,3.88229],[30.4515,3.87255],[30.44915,3.86551],[30.45821,3.85678],[30.45519,3.84738],[30.46459,3.84503],[30.4666,3.83429],[30.48641,3.83395],[30.4995,3.84335],[30.50587,3.84302],[30.52736,3.85862],[30.53306,3.85393],[30.53508,3.84453],[30.54347,3.84318],[30.54817,3.83781],[30.55119,3.82137],[30.55991,3.8113],[30.56014,3.80448],[30.64071,3.82731],[30.71154,3.77705],[30.84176,3.78619],[30.83948,3.87986],[30.92897,3.92614],[30.92401,3.95754],[30.89202,3.97353],[30.89202,3.99866],[30.9103,4.00094],[30.90573,4.04892],[30.80521,4.13117],[30.80292,4.17001],[30.72753,4.17915],[30.69783,4.11289],[30.56075,4.19971],[30.63157,4.24312],[30.59273,4.35735],[30.55846,4.35735],[30.5676,4.40304],[30.46251,4.52642],[30.49221,4.57439],[30.4711,4.64747],[30.3972,4.60847],[30.33094,4.65927]]]},"properties":{"adm2_name":"Yei","adm2_pcode":"SS0106","adm1_name":"Central Equatoria","adm1_pcode":"SS01","center_lat":4.2437228200000003,"center_lon":30.290341229999999}},{"type":"Feature","geometry":{"type":"Polygon","coordinates":[[[33.32937,9.53257],[33.29951,9.54366],[33.16583,9.63429],[32.99817,9.69547],[32.99817,9.77024],[32.95965,9.76797],[32.92567,9.72945],[32.91434,9.68187],[32.96418,9.58898],[32.96418,9.53233],[32.94379,9.47116],[32.98231,9.41678],[32.95965,9.37826],[33.0095,9.37826],[33.0956,9.25818],[33.13865,9.13583],[33.21568,9.11997],[33.28592,9.01121],[33.36748,8.94551],[33.42186,8.85261],[33.48631,8.86872],[33.46265,8.91605],[33.47171,8.95457],[33.57367,8.89113],[33.60765,8.83675],[33.6643,8.84128],[33.69149,8.88433],[33.87501,8.89793],[34.00642,8.97269],[33.96337,9.20153],[34.13481,9.19793],[34.12599,9.3288],[34.10888,9.49885],[33.89957,9.49864],[33.85915,9.521],[33.85235,9.51194],[33.92939,9.42358],[33.87501,9.41225],[33.84102,9.35334],[33.6643,9.33974],[33.60992,9.38279],[33.59632,9.46436],[33.50116,9.5346],[33.37881,9.51421],[33.32937,9.53257]]]},"properties":{"adm2_name":"Longochuk","adm2_pcode":"SS0703","adm1_name":"Upper Nile","adm1_pcode":"SS07","center_lat":9.3072921399999995,"center_lon":33.593908839999997}},{"type":"Feature","geometry":{"type":"Polygon","coordinates":[[[30.55928,9.50145],[30.54298,9.51001],[30.50384,9.51906],[30.50205,9.4999],[30.47306,9.48533],[30.46395,9.46652],[30.45452,9.45751],[30.42668,9.45204],[30.42192,9.44775],[30.41668,9.43348],[30.40217,9.42087],[30.39765,9.40016],[30.3779,9.38541],[30.37742,9.36947],[30.36838,9.34401],[30.36124,9.33497],[30.35458,9.3314],[30.3353,9.33354],[30.33292,9.33116],[30.33911,9.31427],[30.33697,9.2988],[30.33959,9.28928],[30.36537,9.28902],[30.37447,9.27856],[30.37052,9.26453],[30.37552,9.23812],[30.36766,9.22789],[30.36719,9.21861],[30.37361,9.21219],[30.38459,9.21054],[30.39289,9.20505],[30.38837,9.18125],[30.37171,9.16579],[30.37218,9.14628],[30.36981,9.14271],[30.33615,9.12992],[30.33411,9.11249],[30.32222,9.09298],[30.32626,9.07584],[30.32401,9.06497],[30.29985,9.0549],[30.29713,9.03249],[30.28226,9.0382],[30.275,9.03558],[30.26774,9.01143],[30.24869,9.00565],[30.24787,8.98918],[30.23418,8.98899],[30.22894,8.98566],[30.22632,8.97591],[30.21728,8.96639],[30.21371,8.95687],[30.21825,8.94754],[30.20991,8.93736],[30.21014,8.93236],[30.22513,8.9138],[30.22919,8.8984],[30.21633,8.85289],[30.23299,8.84266],[30.23346,8.82219],[30.24227,8.81458],[30.24417,8.80816],[30.24036,8.77698],[30.24465,8.77056],[30.2575,8.76318],[30.25393,8.75604],[30.2613,8.75105],[30.26551,8.74286],[30.25964,8.73225],[30.24488,8.72368],[30.2387,8.70703],[30.24512,8.69561],[30.26678,8.68014],[30.2801,8.65397],[30.30794,8.65539],[30.31936,8.64469],[30.32317,8.63541],[30.32103,8.61566],[30.31698,8.60804],[30.30271,8.59519],[30.29651,8.58256],[30.33279,8.57071],[30.56704,8.66318],[30.79513,8.70016],[31.0448,8.84811],[31.11261,8.84195],[31.17426,8.9036],[31.09103,9.01456],[31.14343,9.11319],[31.07562,9.34128],[31.16809,9.39368],[31.17568,9.41644],[31.16366,9.41436],[31.15451,9.41656],[31.12952,9.43233],[31.09573,9.44113],[31.07122,9.45552],[31.05266,9.4566],[31.03826,9.46802],[30.99615,9.47718],[30.97414,9.4742],[30.95248,9.4792],[30.93868,9.48598],[30.91941,9.47706],[30.91853,9.4665],[30.9143,9.46183],[30.89371,9.46447],[30.8397,9.45291],[30.81578,9.46017],[30.79389,9.45552],[30.75273,9.47646],[30.74868,9.46802],[30.74024,9.46516],[30.69467,9.49717],[30.62638,9.49824],[30.60009,9.50621],[30.55928,9.50145]]]},"properties":{"adm2_name":"Fangak","adm2_pcode":"SS0306","adm1_name":"Jonglei","adm1_pcode":"SS03","center_lat":9.04479218,"center_lon":30.702402060000001}},{"type":"Feature","geometry":{"type":"Polygon","coordinates":[[[29.72092,9.52889],[29.6705,9.56318],[29.53809,9.75014],[29.34451,9.4404],[29.4821,9.20543],[29.4948,9.12499],[29.48633,8.99375],[29.55196,8.87944],[29.67473,8.86674],[29.70437,8.87944],[29.74247,8.85827],[29.81233,8.87732],[29.82231,8.91728],[29.81656,8.92178],[29.81233,8.97047],[29.87583,8.9747],[29.92028,9.01915],[29.83138,9.1631],[29.83349,9.22237],[29.85043,9.24354],[29.81656,9.32398],[29.83985,9.46369],[29.87708,9.55338],[29.72342,9.52719],[29.72092,9.52889]]]},"properties":{"adm2_name":"Rubkona","adm2_pcode":"SS0609","adm1_name":"Unity","adm1_pcode":"SS06","center_lat":9.3083777800000007,"center_lon":29.622472810000001}},{"type":"Feature","geometry":{"type":"Polygon","coordinates":[[[30.47794,5.62263],[30.26103,5.69589],[30.25241,5.66716],[30.27971,5.61258],[30.15761,5.63269],[30.04844,5.5939],[30.04556,5.53788],[29.94501,5.55799],[29.84388,5.65158],[29.80711,5.61258],[29.81861,5.47468],[29.76977,5.39998],[29.79706,5.24197],[29.93783,5.23048],[30.0154,5.12131],[30.05849,5.08971],[30.10733,4.92021],[30.08866,4.91159],[30.14324,4.83546],[30.13893,4.76794],[30.2053,4.7093],[30.29962,4.68328],[30.3972,4.60847],[30.5143,4.67027],[30.53725,4.80043],[30.51241,4.86706],[30.48368,4.87568],[30.49661,4.91446],[30.41617,5.09114],[30.43915,5.22761],[30.4018,5.27214],[30.43915,5.36694],[30.4133,5.45888],[30.57992,5.49191],[30.47794,5.62263]]]},"properties":{"adm2_name":"Mundri West","adm2_pcode":"SS1005","adm1_name":"Western Equatoria","adm1_pcode":"SS10","center_lat":5.1574417099999996,"center_lon":30.208530589999999}},{"type":"Feature","geometry":{"type":"Polygon","coordinates":[[[32.10548,5.49597],[32.11442,5.85005],[31.02171,5.90953],[30.61188,6.25106],[30.52406,6.09168],[30.30394,6.08125],[30.65416,5.74365],[31.01846,5.57451],[30.99569,5.38586],[30.92413,5.38586],[31.00169,5.27121],[31.18218,5.31234],[31.253,5.31234],[31.73735,5.12271],[31.82873,5.46541],[32.10224,5.36788],[32.10548,5.49597]]]},"properties":{"adm2_name":"Terekeka","adm2_pcode":"SS0105","adm1_name":"Central Equatoria","adm1_pcode":"SS01","center_lat":5.70081712,"center_lon":31.428532310000001}},{"type":"Feature","geometry":{"type":"Polygon","coordinates":[[[31.74287,7.69705],[31.75989,7.71691],[31.74756,7.7539],[31.70749,7.76315],[31.72907,7.92959],[31.60009,8.03707],[31.35919,7.93884],[31.28214,7.83404],[30.95849,7.81246],[30.67492,7.69534],[30.52176,7.70491],[30.52152,7.70148],[30.52556,7.69886],[30.52306,7.69232],[30.52473,7.67994],[30.52996,7.66674],[30.52399,7.66187],[30.50914,7.66701],[30.49939,7.6571],[30.50617,7.64707],[30.52745,7.64368],[30.53769,7.6275],[30.53578,7.60038],[30.54831,7.5813],[30.55506,7.58035],[30.5641,7.5861],[30.56576,7.57301],[30.58387,7.53847],[30.58327,7.51369],[30.5748,7.51162],[30.5641,7.51971],[30.55839,7.51876],[30.55387,7.51377],[30.55529,7.50948],[30.56314,7.50615],[30.55981,7.49687],[30.56172,7.48878],[30.58575,7.47998],[30.59455,7.47213],[30.59432,7.4657],[30.58361,7.46308],[30.58075,7.4588],[30.58123,7.44952],[30.59313,7.4431],[30.60859,7.44476],[30.61621,7.44095],[30.61859,7.43219],[30.6239,7.43656],[30.62002,7.41383],[30.6322,7.41671],[30.6312,7.41129],[30.64214,7.39908],[30.65285,7.39455],[30.65523,7.38599],[30.66451,7.38099],[30.66722,7.3721],[30.67379,7.37195],[30.67569,7.36124],[30.68069,7.35744],[30.67831,7.34601],[30.68188,7.3403],[30.67879,7.33578],[30.68259,7.32983],[30.67902,7.32864],[30.67736,7.33483],[30.67284,7.33745],[30.67357,7.33193],[30.66832,7.32841],[30.68021,7.32436],[30.67522,7.32055],[30.67807,7.30889],[30.67522,7.30128],[30.6964,7.28517],[31.10028,7.3193],[31.1311,7.3008],[31.30679,7.39327],[31.66742,7.44875],[31.71366,7.50423],[31.7229,7.67376],[31.74287,7.69705]]]},"properties":{"adm2_name":"Duk","adm2_pcode":"SS0305","adm1_name":"Jonglei","adm1_pcode":"SS03","center_lat":7.6594791400000002,"center_lon":31.111381529999999}},{"type":"Feature","geometry":{"type":"Polygon","coordinates":[[[28.03855,9.3439],[28.76791,9.3521],[28.76791,9.41919],[28.8167,9.49847],[29.00037,9.67023],[29.0,10.16667],[27.83333,10.16667],[27.83298,9.7634],[28.03606,9.34387],[28.03855,9.3439]]]},"properties":{"adm2_name":"Abyei Region","adm2_pcode":"SS0001","adm1_name":"Abyei Region","adm1_pcode":"SS00","center_lat":9.7168128800000009,"center_lon":28.427941730000001}},{"type":"Feature","geometry":{"type":"Polygon","coordinates":[[[33.50468,7.72766],[33.49968,7.73824],[33.49514,7.7319],[33.52913,7.58746],[33.46748,7.43026],[33.48597,7.39019],[33.46132,7.3717],[33.40892,7.3717],[33.36885,7.29772],[33.25788,7.26998],[33.28871,7.23608],[33.25788,7.19292],[33.21596,7.19292],[33.22706,7.05422],[33.4459,6.96175],[33.5692,6.99257],[33.59385,6.9525],[33.52913,6.81688],[33.53529,6.78298],[33.61235,6.7275],[33.76338,6.73674],[33.83119,6.78298],[34.0562,6.709],[34.28737,6.67202],[34.32436,6.72442],[34.53889,6.75972],[34.535,6.7621],[34.5369,6.76654],[34.5322,6.77086],[34.53757,6.77504],[34.53325,6.77967],[34.53712,6.7831],[34.53347,6.7834],[34.53452,6.78802],[34.53093,6.78914],[34.53574,6.79358],[34.53373,6.79769],[34.54268,6.79716],[34.54156,6.80358],[34.53299,6.80269],[34.53813,6.80955],[34.53516,6.81547],[34.54309,6.81817],[34.53854,6.82327],[34.53543,6.82181],[34.53702,6.82843],[34.531,6.82863],[34.53547,6.83375],[34.53103,6.83289],[34.52911,6.83594],[34.53368,6.83885],[34.52647,6.84103],[34.52713,6.84626],[34.5219,6.84441],[34.53067,6.85225],[34.52584,6.85715],[34.5267,6.86125],[34.52068,6.86237],[34.51161,6.85675],[34.51101,6.86085],[34.51439,6.86191],[34.50962,6.86727],[34.51634,6.86671],[34.51495,6.87326],[34.50602,6.87988],[34.50774,6.88418],[34.50152,6.88047],[34.4992,6.88524],[34.49709,6.88233],[34.49646,6.88732],[34.48752,6.88964],[34.48547,6.8999],[34.48931,6.90195],[34.48309,6.89943],[34.47945,6.90711],[34.47604,6.90602],[34.4728,6.91052],[34.46849,6.90906],[34.47326,6.91608],[34.47002,6.91945],[34.46677,6.90992],[34.46075,6.91178],[34.46122,6.91819],[34.45744,6.91694],[34.46062,6.92005],[34.45731,6.92316],[34.44917,6.91707],[34.45486,6.91197],[34.44778,6.91409],[34.44603,6.91895],[34.4422,6.91502],[34.44189,6.91812],[34.43879,6.91823],[34.43631,6.91254],[34.43176,6.91678],[34.43393,6.9082],[34.42824,6.91212],[34.42524,6.90882],[34.42897,6.91967],[34.42318,6.91585],[34.42049,6.92009],[34.41708,6.9191],[34.41728,6.92381],[34.41491,6.91719],[34.40963,6.92164],[34.40565,6.91941],[34.40296,6.92376],[34.39697,6.92117],[34.39448,6.92655],[34.38962,6.92003],[34.3828,6.91983],[34.38249,6.91166],[34.36698,6.91611],[34.36491,6.92169],[34.35995,6.91755],[34.35199,6.92448],[34.34589,6.92283],[34.34144,6.93006],[34.34134,6.9221],[34.33958,6.92469],[34.33379,6.92231],[34.32562,6.92913],[34.32438,6.93596],[34.32717,6.93958],[34.322,6.9402],[34.32096,6.93554],[34.31134,6.95036],[34.31052,6.9434],[34.30442,6.94485],[34.30168,6.95267],[34.30049,6.94578],[34.29367,6.94806],[34.29366,6.95348],[34.29811,6.95498],[34.29439,6.95871],[34.29656,6.96439],[34.29191,6.96377],[34.29543,6.96698],[34.29377,6.97049],[34.30173,6.96557],[34.30194,6.96863],[34.29822,6.96998],[34.30308,6.9737],[34.30111,6.97752],[34.30525,6.97618],[34.30525,6.97825],[34.29359,6.97908],[34.29323,6.98312],[34.28943,6.97887],[34.28442,6.98625],[34.28476,6.99233],[34.27687,6.98856],[34.27447,7.00284],[34.26554,7.00486],[34.26316,7.01057],[34.24966,7.01277],[34.23336,7.00325],[34.22837,7.01479],[34.22372,7.01444],[34.22158,7.01848],[34.21659,7.01753],[34.22105,7.02782],[34.21682,7.03018],[34.21843,7.03579],[34.21486,7.0371],[34.20915,7.03282],[34.2107,7.03627],[34.20653,7.03793],[34.20689,7.04245],[34.19963,7.03948],[34.1894,7.04222],[34.19368,7.0465],[34.19083,7.04947],[34.19267,7.05346],[34.18934,7.05453],[34.19386,7.06322],[34.18768,7.06393],[34.1935,7.07],[34.18601,7.07702],[34.18649,7.08439],[34.19648,7.09677],[34.1913,7.10563],[34.19217,7.11482],[34.18969,7.11803],[34.19385,7.11855],[34.19487,7.12198],[34.18969,7.13168],[34.18418,7.1361],[34.17651,7.13603],[34.16046,7.14821],[34.14075,7.14595],[34.1405,7.15329],[34.12692,7.16752],[34.1148,7.16898],[34.11108,7.17256],[34.104,7.17153],[34.09754,7.18347],[34.10229,7.18872],[34.10105,7.19456],[34.09535,7.19215],[34.09601,7.19602],[34.08685,7.2],[34.07729,7.21014],[34.07397,7.21908],[34.06455,7.22193],[34.06725,7.2169],[34.06375,7.21478],[34.04948,7.22598],[34.04678,7.22306],[34.0386,7.22408],[34.04007,7.22934],[34.03255,7.23788],[34.03379,7.24335],[34.02302,7.24556],[34.01177,7.26779],[34.01438,7.27076],[34.0259,7.26439],[34.04116,7.27528],[34.03331,7.30301],[34.03378,7.31752],[34.02974,7.33025],[34.0367,7.35648],[34.0185,7.37742],[34.0063,7.38522],[34.00458,7.39122],[34.00803,7.40027],[34.0013,7.42364],[33.99205,7.4254],[33.98301,7.43897],[33.95945,7.44801],[33.95731,7.45039],[33.95874,7.46705],[33.94981,7.46669],[33.94458,7.47097],[33.94244,7.47835],[33.94672,7.48715],[33.94529,7.49096],[33.95291,7.5019],[33.94934,7.50714],[33.94077,7.50666],[33.92697,7.51475],[33.91269,7.51047],[33.90389,7.51927],[33.8958,7.51142],[33.89009,7.50999],[33.87772,7.51856],[33.86843,7.51642],[33.85809,7.54033],[33.8488,7.54343],[33.84167,7.55984],[33.83334,7.56199],[33.83144,7.57103],[33.83382,7.57793],[33.82882,7.5784],[33.82287,7.58649],[33.81763,7.58364],[33.81182,7.5852],[33.80049,7.59433],[33.79592,7.60442],[33.79754,7.61156],[33.7925,7.60766],[33.78298,7.61128],[33.7766,7.60585],[33.77569,7.61167],[33.77931,7.61466],[33.77703,7.61875],[33.77341,7.61599],[33.7696,7.61884],[33.76461,7.61537],[33.75404,7.62679],[33.75052,7.62441],[33.73463,7.63183],[33.7312,7.63878],[33.74129,7.64878],[33.73282,7.65268],[33.72846,7.65044],[33.73096,7.64497],[33.72739,7.64378],[33.72382,7.64818],[33.72632,7.65437],[33.71573,7.66079],[33.70193,7.65901],[33.70074,7.66365],[33.69325,7.66769],[33.69569,7.67477],[33.68332,7.67442],[33.68284,7.67787],[33.69224,7.68155],[33.68688,7.68607],[33.6801,7.68572],[33.67439,7.69821],[33.67052,7.69791],[33.66565,7.69066],[33.66041,7.6947],[33.65863,7.68744],[33.65625,7.6966],[33.63995,7.69589],[33.63614,7.69303],[33.63436,7.70124],[33.63686,7.70541],[33.62912,7.70588],[33.62567,7.70374],[33.62413,7.69482],[33.6196,7.69577],[33.60271,7.68792],[33.59843,7.6903],[33.58784,7.68768],[33.57416,7.69434],[33.56845,7.6928],[33.56642,7.69637],[33.55798,7.69518],[33.56511,7.70196],[33.56476,7.70707],[33.5575,7.70291],[33.54691,7.70707],[33.54001,7.70469],[33.54179,7.71564],[33.53739,7.70803],[33.53216,7.70588],[33.53466,7.71374],[33.53229,7.7196],[33.53002,7.71374],[33.52288,7.71148],[33.52704,7.71838],[33.52597,7.72599],[33.51848,7.72766],[33.51776,7.73444],[33.51193,7.72992],[33.50622,7.73717],[33.50694,7.72837],[33.50468,7.72766]]]},"properties":{"adm2_name":"Pochalla","adm2_pcode":"SS0309","adm1_name":"Jonglei","adm1_pcode":"SS03","center_lat":7.2051079299999996,"center_lon":33.674894770000002}},{"type":"Feature","geometry":{"type":"Polygon","coordinates":[[[32.91491,10.49046],[32.91887,10.52473],[32.86902,10.61083],[32.90301,10.64934],[32.89621,10.72185],[32.84863,10.76716],[32.74441,10.80341],[32.53369,10.84193],[32.46799,10.84873],[32.44986,10.84193],[32.40681,10.80568],[32.37282,10.79888],[32.32751,10.7581],[32.32071,10.71958],[32.11453,10.53832],[32.11226,10.46582],[32.13492,10.43183],[32.17344,10.42503],[32.23235,10.43636],[32.25954,10.38652],[32.25274,10.2755],[32.30032,10.14408],[32.2686,10.07838],[32.19471,9.97735],[32.32751,9.96509],[32.38868,9.89259],[32.54729,9.90845],[32.59487,10.00587],[32.64471,10.0172],[32.68776,9.94923],[32.7648,9.99001],[32.77386,10.05798],[32.75347,10.06931],[32.79652,10.10103],[32.83957,10.06252],[32.95739,10.06025],[33.0027,10.16674],[32.95938,10.34594],[32.86222,10.4205],[32.86449,10.47715],[32.91207,10.46582],[32.91491,10.49046]]]},"properties":{"adm2_name":"Melut","adm2_pcode":"SS0709","adm1_name":"Upper Nile","adm1_pcode":"SS07","center_lat":10.36299024,"center_lon":32.597631620000001}},{"type":"Feature","geometry":{"type":"Polygon","coordinates":[[[31.17471,4.37282],[30.51383,4.67002],[30.4711,4.64747],[30.49221,4.57439],[30.46251,4.52642],[30.5676,4.40304],[30.55846,4.35735],[30.59273,4.35735],[30.63157,4.24312],[30.56075,4.19971],[30.69783,4.11289],[30.72753,4.17915],[30.80292,4.17001],[30.80521,4.13117],[30.90573,4.04892],[30.9103,4.00094],[30.89202,3.99866],[30.89202,3.97353],[30.92401,3.95754],[30.92897,3.92614],[30.97199,3.9484],[31.04738,3.873],[31.04738,3.81817],[31.10008,3.73576],[31.10535,3.74017],[31.10033,3.74423],[31.10496,3.74997],[31.10805,3.749],[31.11441,3.75457],[31.11798,3.75332],[31.12303,3.76071],[31.14682,3.77414],[31.09764,3.97353],[31.21043,4.02022],[31.10907,4.15402],[31.0588,4.11518],[31.04281,4.25226],[31.12734,4.2751],[31.17483,4.25475],[31.18674,4.3048],[31.12734,4.33222],[31.17471,4.37282]]]},"properties":{"adm2_name":"Lainya","adm2_pcode":"SS0103","adm1_name":"Central Equatoria","adm1_pcode":"SS01","center_lat":4.2062885400000001,"center_lon":30.80982869}},{"type":"Feature","geometry":{"type":"Polygon","coordinates":[[[33.64022,4.78142],[33.66052,4.85207],[33.6145,4.87317],[33.56723,4.77568],[33.53769,4.82295],[33.44316,4.78454],[33.45497,4.65161],[33.63813,4.58661],[33.80061,4.21734],[33.91808,4.22933],[33.74153,4.65456],[33.63518,4.76386],[33.64022,4.78142]]]},"properties":{"adm2_name":"Kapoeta South","adm2_pcode":"SS0205","adm1_name":"Eastern Equatoria","adm1_pcode":"SS02","center_lat":4.5416883199999996,"center_lon":33.723143530000002}},{"type":"Feature","geometry":{"type":"Polygon","coordinates":[[[25.66924,10.42591],[25.66273,10.43273],[25.66304,10.42519],[25.65425,10.42529],[25.65239,10.42002],[25.65508,10.41754],[25.64878,10.4163],[25.65353,10.40607],[25.64412,10.39852],[25.63674,10.39863],[25.63426,10.40648],[25.61323,10.40202],[25.60501,10.4071],[25.59483,10.40431],[25.59132,10.39904],[25.5848,10.39708],[25.5846,10.40462],[25.5815,10.40586],[25.57375,10.39873],[25.57695,10.39594],[25.57426,10.38902],[25.57034,10.39191],[25.56662,10.40442],[25.5662,10.39749],[25.56104,10.39594],[25.55608,10.40173],[25.55773,10.40545],[25.55349,10.40752],[25.54068,10.39387],[25.53758,10.3855],[25.53758,10.39336],[25.52641,10.3979],[25.5229,10.39542],[25.52114,10.38602],[25.51639,10.38964],[25.51174,10.38891],[25.50967,10.39522],[25.50575,10.39553],[25.50558,10.38666],[25.49975,10.38116],[25.49862,10.37465],[25.49376,10.37941],[25.48627,10.38013],[25.47386,10.39088],[25.47097,10.38809],[25.47386,10.37444],[25.47056,10.3729],[25.46518,10.37693],[25.45712,10.37352],[25.44596,10.38003],[25.44823,10.38943],[25.44384,10.39615],[25.44085,10.39563],[25.43961,10.38271],[25.43185,10.38282],[25.42999,10.38705],[25.42477,10.3842],[25.41449,10.39158],[25.41288,10.37803],[25.40443,10.38203],[25.39591,10.37306],[25.39591,10.38377],[25.38946,10.38977],[25.38488,10.38016],[25.37539,10.371],[25.3643,10.36964],[25.37191,10.37448],[25.36836,10.38203],[25.36301,10.38177],[25.35836,10.37648],[25.35123,10.37822],[25.3515,10.37023],[25.34041,10.37929],[25.33613,10.37332],[25.3302,10.37138],[25.32975,10.36519],[25.3201,10.36487],[25.31868,10.35732],[25.32262,10.35306],[25.31268,10.35403],[25.30268,10.36009],[25.30015,10.35519],[25.28755,10.35377],[25.27536,10.35964],[25.27697,10.34816],[25.2723,10.33287],[25.27204,10.33971],[25.25565,10.34435],[25.24765,10.33583],[25.24958,10.34383],[25.2452,10.34538],[25.24013,10.34082],[25.23607,10.34345],[25.24181,10.34977],[25.24091,10.355],[25.22839,10.34913],[25.22684,10.35693],[25.21342,10.35938],[25.20836,10.35474],[25.21236,10.34564],[25.20552,10.34996],[25.20236,10.34164],[25.19607,10.33803],[25.19665,10.34648],[25.19084,10.34874],[25.19271,10.33403],[25.18768,10.33306],[25.18194,10.33751],[25.1782,10.3359],[25.18297,10.32158],[25.18116,10.31816],[25.17394,10.32106],[25.16791,10.33061],[25.16558,10.32196],[25.15887,10.32016],[25.155,10.32571],[25.14681,10.32642],[25.14732,10.33487],[25.14313,10.33622],[25.13729,10.32751],[25.12374,10.32448],[25.12103,10.31306],[25.12458,10.31009],[25.12339,10.30383],[25.11816,10.30506],[25.11145,10.3148],[25.10519,10.31732],[25.09887,10.317],[25.08774,10.30854],[25.08323,10.30087],[25.08506,10.28854],[25.08216,10.27783],[25.0779,10.2748],[25.0699,10.27751],[25.06871,10.26983],[25.06168,10.26919],[25.06735,10.26145],[25.05729,10.25719],[25.06203,10.24622],[25.05758,10.23912],[25.06416,10.23635],[25.05632,10.2328],[25.05568,10.22583],[25.04858,10.22293],[25.05523,10.21732],[25.05826,10.20932],[25.05129,10.20861],[25.05293,10.20061],[25.04306,10.18699],[25.05516,10.17919],[25.04703,10.17815],[25.04471,10.1737],[25.03026,10.16544],[25.03093,10.15977],[25.0339,10.16151],[25.04158,10.15544],[25.03835,10.15106],[25.04584,10.1497],[25.05364,10.15357],[25.05823,10.15061],[25.05481,10.14441],[25.06787,10.13602],[25.07387,10.12654],[25.07081,10.11422],[25.07848,10.11241],[25.07213,10.09918],[25.07819,10.09105],[25.07645,10.08402],[25.06948,10.08718],[25.07158,10.0797],[25.06526,10.08318],[25.06199,10.07354],[25.05461,10.08202],[25.04881,10.08357],[25.04719,10.08047],[25.05555,10.06725],[25.05609,10.06029],[25.05361,10.05841],[25.04948,10.06228],[25.03748,10.06151],[25.03077,10.05447],[25.03699,10.04635],[25.03551,10.03979],[25.02928,10.03577],[25.03281,10.03429],[25.04117,10.03815],[25.04117,10.03487],[25.03527,10.03134],[25.03699,10.0265],[25.04642,10.03396],[25.0479,10.03183],[25.04224,10.02617],[25.04774,10.01788],[25.04478,10.01534],[25.03551,10.02141],[25.0399,10.01624],[25.03802,10.01304],[25.02924,10.00787],[25.02062,10.01083],[25.0221,10.00328],[25.01275,10.00328],[25.01041,9.98564],[25.01582,9.97826],[25.02083,9.97826],[25.01673,9.97506],[25.01763,9.96891],[25.00787,9.96743],[24.99983,9.97366],[24.9997,9.96439],[24.997,9.96349],[24.99232,9.96882],[24.9924,9.96169],[24.98403,9.95644],[24.98699,9.9525],[24.98182,9.94864],[24.98822,9.9479],[24.98502,9.94339],[24.98645,9.93232],[24.9748,9.931],[24.97964,9.92297],[24.97439,9.91977],[24.96976,9.90557],[24.97312,9.90237],[24.98149,9.905],[24.98182,9.89934],[24.97616,9.89548],[24.96074,9.90164],[24.9565,9.89631],[24.95014,9.89774],[24.9487,9.89497],[24.95537,9.89282],[24.95752,9.88882],[24.95178,9.88646],[24.94378,9.88984],[24.94583,9.88133],[24.93988,9.87877],[24.94429,9.87518],[24.94173,9.87087],[24.92747,9.87303],[24.9245,9.86985],[24.92676,9.8637],[24.92297,9.86566],[24.91989,9.86219],[24.90945,9.86094],[24.90925,9.85648],[24.91457,9.85621],[24.91332,9.85155],[24.90781,9.85273],[24.90276,9.86166],[24.90085,9.85858],[24.90354,9.85569],[24.89252,9.84617],[24.89731,9.84125],[24.88976,9.84486],[24.88527,9.84132],[24.88054,9.84506],[24.87358,9.8379],[24.87253,9.83311],[24.87733,9.83101],[24.87549,9.82707],[24.86702,9.83003],[24.8623,9.82688],[24.86456,9.82097],[24.85826,9.82425],[24.85662,9.8185],[24.84835,9.81546],[24.84264,9.8169],[24.83719,9.80896],[24.8385,9.80332],[24.83378,9.80187],[24.82959,9.78507],[24.82285,9.78454],[24.81849,9.77726],[24.80779,9.781],[24.80462,9.77621],[24.80589,9.76585],[24.80081,9.76711],[24.79922,9.76204],[24.7932,9.765],[24.79309,9.75823],[24.78749,9.7502],[24.77745,9.75485],[24.76635,9.74079],[24.7636,9.74491],[24.75176,9.74734],[24.75519,9.73445],[24.74663,9.72588],[24.74071,9.72979],[24.73585,9.71859],[24.7415,9.71151],[24.74023,9.70432],[24.74478,9.70696],[24.74668,9.70263],[24.75049,9.70199],[24.74531,9.69258],[24.75081,9.68624],[24.74938,9.67419],[24.74737,9.66943],[24.73902,9.66583],[24.74409,9.6633],[24.74177,9.65484],[24.75234,9.65389],[24.75683,9.63919],[24.75102,9.63581],[24.75461,9.63348],[24.75271,9.63],[24.75588,9.61372],[24.75117,9.58908],[24.74018,9.59141],[24.74213,9.58196],[24.72487,9.57688],[24.72893,9.57172],[24.72639,9.56589],[24.72462,9.56826],[24.72208,9.56665],[24.72521,9.56487],[24.72411,9.55887],[24.71599,9.5587],[24.72056,9.55625],[24.72026,9.54669],[24.71603,9.54618],[24.71646,9.54094],[24.71316,9.54195],[24.7124,9.53908],[24.71502,9.53992],[24.71214,9.53257],[24.70682,9.52927],[24.70901,9.52563],[24.70022,9.52445],[24.7009,9.51523],[24.69658,9.51227],[24.70013,9.50762],[24.69032,9.50795],[24.69954,9.50533],[24.69514,9.50102],[24.69768,9.49806],[24.69413,9.49476],[24.69725,9.49212],[24.68931,9.4896],[24.68612,9.48182],[24.68031,9.47989],[24.68249,9.47433],[24.67674,9.47512],[24.67664,9.4712],[24.67887,9.47284],[24.68277,9.46937],[24.679,9.46817],[24.67964,9.46455],[24.67145,9.4649],[24.67125,9.45979],[24.66356,9.458],[24.66254,9.45215],[24.6678,9.45244],[24.6687,9.44917],[24.66215,9.44191],[24.66156,9.43287],[24.66691,9.43025],[24.66886,9.42043],[24.64019,9.39546],[24.63649,9.38805],[24.62732,9.38395],[24.6139,9.37155],[24.61237,9.36505],[24.61662,9.36016],[24.61173,9.35887],[24.60967,9.35469],[24.61243,9.35192],[24.60891,9.33229],[24.61036,9.31733],[24.59282,9.30864],[24.59154,9.30559],[24.5958,9.30197],[24.59162,9.29384],[24.58261,9.29231],[24.57062,9.27301],[24.5711,9.26738],[24.56636,9.25877],[24.56845,9.25266],[24.56009,9.24317],[24.5547,9.22137],[24.56507,9.19909],[24.57077,9.15599],[24.54092,9.09535],[24.54627,9.08922],[24.5414,9.06895],[24.54972,9.03172],[24.54642,9.01899],[24.54737,8.9871],[24.55817,8.97906],[24.56139,8.96971],[24.56682,8.96881],[24.57155,8.95674],[24.57688,8.95272],[24.57487,8.9486],[24.57788,8.92366],[24.57342,8.90939],[24.56048,8.90742],[24.55543,8.89601],[24.53876,8.87912],[24.52253,8.87122],[24.50322,8.86837],[24.44202,8.84204],[24.44498,8.83244],[24.45716,8.82148],[24.45676,8.79997],[24.44945,8.79428],[24.44214,8.79713],[24.43403,8.8093],[24.42388,8.80808],[24.40805,8.79834],[24.4048,8.79144],[24.40196,8.74761],[24.39628,8.7399],[24.36178,8.72691],[24.32158,8.73462],[24.30843,8.72021],[24.27243,8.70783],[24.26181,8.69721],[24.22314,8.64073],[24.22428,8.6267],[24.24475,8.60964],[24.2584,8.57666],[24.24172,8.56634],[24.23319,8.56456],[24.23177,8.55035],[24.22857,8.5475],[24.21648,8.54537],[24.21542,8.53542],[24.20831,8.53293],[24.20653,8.52902],[24.20902,8.51907],[24.20476,8.51161],[24.20511,8.5045],[24.20014,8.50343],[24.1909,8.4917],[24.17348,8.48815],[24.16495,8.48282],[24.16317,8.4782],[24.16922,8.47038],[24.16602,8.44586],[24.16779,8.42453],[24.16175,8.41813],[24.15642,8.4025],[24.15073,8.39965],[24.1546,8.38679],[24.15216,8.38259],[24.15464,8.37371],[24.16708,8.36187],[24.18023,8.34055],[24.17952,8.32633],[24.18592,8.32562],[24.18841,8.32953],[24.2076,8.3146],[24.2123,8.31656],[24.23118,8.28842],[24.23838,8.28773],[24.24216,8.29288],[24.24628,8.29185],[24.25691,8.28018],[24.26275,8.28327],[24.27201,8.27401],[24.2854,8.27229],[24.30187,8.26508],[24.31457,8.26611],[24.32246,8.27195],[24.33859,8.26817],[24.34031,8.26337],[24.34992,8.25753],[24.35541,8.24621],[24.36708,8.24758],[24.37291,8.25341],[24.38183,8.25238],[24.38286,8.26028],[24.39282,8.27126],[24.41066,8.27332],[24.41752,8.27915],[24.4237,8.2795],[24.44498,8.27709],[24.44807,8.27229],[24.45322,8.28018],[24.45733,8.28121],[24.45974,8.27538],[24.46763,8.2716],[24.48204,8.27195],[24.49405,8.23934],[24.4992,8.23591],[24.50504,8.23831],[24.51293,8.2366],[24.51464,8.22973],[24.51233,8.22342],[24.51533,8.21841],[24.52974,8.2191],[24.53798,8.20691],[24.54931,8.21069],[24.55789,8.20211],[24.56612,8.20108],[24.58225,8.21137],[24.59323,8.21172],[24.60833,8.22544],[24.62721,8.21618],[24.63442,8.22544],[24.6526,8.21789],[24.66702,8.22167],[24.67422,8.21927],[24.68315,8.2076],[24.69687,8.20451],[24.72193,8.21172],[24.73016,8.20966],[24.74423,8.20177],[24.75075,8.18358],[24.771,8.18907],[24.77958,8.18323],[24.78747,8.18255],[24.79743,8.1949],[24.80326,8.19524],[24.81699,8.18529],[24.83552,8.18392],[24.83929,8.17465],[24.84341,8.17225],[24.85577,8.1798],[24.85886,8.17843],[24.86057,8.16779],[24.86778,8.1599],[24.86675,8.15303],[24.87567,8.14411],[24.88151,8.14617],[24.88227,8.12838],[24.88934,8.11509],[24.8833,8.09774],[24.89047,8.08379],[24.90065,8.07588],[24.89952,8.0623],[24.90404,8.05137],[24.90178,8.04534],[24.90781,8.04194],[24.90781,8.03704],[24.92176,8.0344],[24.93232,8.0378],[24.94174,8.03629],[24.94212,8.03063],[24.95645,8.01668],[24.95418,8.00424],[24.96059,8.00085],[24.96173,7.98388],[24.98472,7.97182],[24.98699,7.96578],[24.99754,7.96767],[25.00961,7.95598],[25.02582,7.95447],[25.04769,7.93788],[25.05598,7.92544],[25.06654,7.91922],[25.07182,7.90829],[25.082,7.89848],[25.10764,7.89924],[25.11103,7.90678],[25.12272,7.90565],[25.12573,7.91017],[25.13931,7.90565],[25.14616,7.9124],[25.15363,7.90506],[25.16348,7.9125],[25.17493,7.9125],[25.1801,7.9029],[25.19561,7.89441],[25.20115,7.88074],[25.21112,7.87927],[25.21592,7.88222],[25.22072,7.87964],[25.22072,7.8741],[25.23882,7.85563],[25.23845,7.84787],[25.24251,7.84566],[25.24842,7.83015],[25.25452,7.82378],[25.25618,7.8139],[25.26541,7.80947],[25.26615,7.79506],[25.27575,7.80651],[25.28498,7.8043],[25.28609,7.78915],[25.2824,7.78288],[25.28498,7.77327],[25.28387,7.74927],[25.27649,7.73856],[25.28092,7.72194],[25.2787,7.71123],[25.28498,7.69646],[25.29539,7.68344],[25.29661,7.67644],[25.28322,7.66974],[25.28565,7.65027],[25.27622,7.64266],[25.26131,7.64205],[25.24914,7.63444],[25.23605,7.63779],[25.22449,7.63201],[25.2254,7.62014],[25.21384,7.61953],[25.20197,7.61101],[25.20197,7.60614],[25.18554,7.60523],[25.17824,7.58819],[25.16667,7.58637],[25.17154,7.57571],[25.1831,7.56738],[25.17945,7.56342],[25.19558,7.54425],[25.1968,7.54029],[25.18828,7.5336],[25.18706,7.52751],[25.19862,7.50865],[25.19589,7.49374],[25.20318,7.49423],[25.20987,7.48915],[25.2195,7.49156],[25.23982,7.48032],[25.26764,7.483],[25.27379,7.47631],[25.28502,7.4723],[25.28476,7.46133],[25.30027,7.44208],[25.30829,7.4386],[25.30963,7.43058],[25.31471,7.42656],[25.3214,7.42897],[25.33771,7.42536],[25.33584,7.40905],[25.3452,7.39086],[25.34466,7.37535],[25.35242,7.37134],[25.3551,7.36492],[25.35403,7.35342],[25.36526,7.34282],[25.37917,7.34176],[25.39093,7.33159],[25.39548,7.3348],[25.39762,7.3463],[25.40377,7.34363],[25.41073,7.3471],[25.41554,7.33186],[25.42303,7.32758],[25.4257,7.32089],[25.43426,7.31982],[25.43809,7.31149],[25.4536,7.30702],[25.45713,7.28798],[25.46512,7.28375],[25.47429,7.28399],[25.48087,7.27129],[25.48957,7.27153],[25.49568,7.27552],[25.50179,7.27012],[25.53094,7.27811],[25.54105,7.2774],[25.54787,7.25789],[25.56794,7.25815],[25.57302,7.25155],[25.57278,7.24097],[25.5843,7.23674],[25.58853,7.24309],[25.59746,7.23556],[25.59958,7.2224],[25.60898,7.21934],[25.61133,7.21511],[25.61792,7.21558],[25.62168,7.22263],[25.63578,7.21135],[25.63907,7.21065],[25.64518,7.21676],[25.65035,7.21558],[25.65153,7.20759],[25.65929,7.19654],[25.68444,7.19208],[25.69854,7.19666],[25.70348,7.19525],[25.71288,7.18914],[25.71915,7.17454],[25.72293,7.17379],[25.7339,7.18211],[25.75433,7.18287],[25.75962,7.1787],[25.76227,7.16395],[25.76984,7.16395],[25.80162,7.15298],[25.82053,7.15714],[25.82847,7.14541],[25.81977,7.13104],[25.81977,7.12574],[25.83718,7.10721],[25.85344,7.10418],[25.86857,7.10948],[25.87122,7.10494],[25.89127,7.09888],[25.89543,7.09661],[25.89619,7.0917],[25.90792,7.08375],[25.89959,7.0724],[25.90186,7.06597],[25.92418,7.06408],[25.93478,7.05897],[25.93742,7.04157],[25.97979,7.04082],[25.98547,7.03817],[25.98585,7.02039],[25.9953,7.01169],[26.01081,7.01131],[26.01687,6.99845],[26.02178,6.99618],[26.02822,7.00563],[26.03729,7.00753],[26.0441,7.00109],[26.04902,6.98558],[26.04146,6.9678],[26.04373,6.95683],[26.05016,6.95248],[26.05243,6.94605],[26.04751,6.93886],[26.03805,6.93546],[26.03805,6.92676],[26.04524,6.92071],[26.04864,6.92487],[26.06151,6.92335],[26.05545,6.91957],[26.05697,6.90671],[26.06226,6.90255],[26.08609,6.90293],[26.09026,6.89612],[26.08193,6.88552],[26.08156,6.85526],[26.08496,6.83937],[26.08988,6.83408],[26.0982,6.83445],[26.0982,6.82424],[26.1069,6.81365],[26.1243,6.81705],[26.13111,6.811],[26.14208,6.82197],[26.1523,6.82008],[26.15986,6.81365],[26.17159,6.81214],[26.1784,6.80268],[26.1784,6.79852],[26.17121,6.79284],[26.17348,6.78111],[26.18634,6.77733],[26.19164,6.76712],[26.2011,6.75955],[26.20185,6.75085],[26.20564,6.74745],[26.23704,6.74158],[26.25255,6.74385],[26.26579,6.73818],[26.25671,6.73175],[26.25292,6.71359],[26.25671,6.70867],[26.26768,6.70375],[26.30324,6.70791],[26.33161,6.70224],[26.33312,6.69619],[26.34107,6.69127],[26.36301,6.69392],[26.36187,6.68219],[26.38192,6.67879],[26.38571,6.675],[26.38608,6.66365],[26.40084,6.65949],[26.41559,6.6523],[26.41545,6.6498],[26.45633,6.65379],[26.44784,6.6729],[26.47075,6.71038],[26.44576,6.82701],[26.47283,6.90615],[26.51448,6.96238],[26.52281,7.03318],[26.61028,7.17896],[26.6561,7.20187],[26.7269,7.29351],[26.75606,7.48927],[26.8227,7.64754],[26.87685,7.6892],[26.92903,7.96694],[26.79497,7.89237],[26.27963,8.21256],[26.13631,9.06943],[26.21867,9.89578],[26.11599,9.99499],[26.11789,10.0045],[26.11408,10.01163],[26.07606,10.06676],[26.06133,10.10003],[26.04992,10.11714],[26.02711,10.13901],[26.00002,10.15659],[25.95961,10.17418],[25.93062,10.18178],[25.93272,10.37892],[25.9292,10.3855],[25.92445,10.38313],[25.92528,10.37724],[25.92197,10.37228],[25.91091,10.3792],[25.90833,10.376],[25.90533,10.3793],[25.89872,10.37796],[25.90523,10.40131],[25.90026,10.40183],[25.89525,10.41082],[25.89257,10.40969],[25.89484,10.40328],[25.88916,10.40638],[25.88719,10.4008],[25.8842,10.40152],[25.88378,10.40566],[25.87117,10.40111],[25.86993,10.4039],[25.8628,10.40235],[25.86607,10.39589],[25.86208,10.39119],[25.85981,10.40028],[25.85536,10.39894],[25.85536,10.39398],[25.852,10.39604],[25.85402,10.40534],[25.84426,10.3982],[25.83784,10.41438],[25.82951,10.412],[25.82142,10.41795],[25.81975,10.40867],[25.80524,10.42461],[25.80262,10.41081],[25.79715,10.41152],[25.79405,10.41747],[25.78596,10.41462],[25.77906,10.42485],[25.77315,10.4156],[25.76574,10.41462],[25.76598,10.42104],[25.7605,10.42485],[25.7586,10.43246],[25.75075,10.41842],[25.7429,10.42057],[25.73874,10.4164],[25.73347,10.4164],[25.73081,10.41165],[25.72107,10.42074],[25.71693,10.41795],[25.71207,10.41961],[25.69936,10.41051],[25.69192,10.41341],[25.69115,10.40287],[25.67719,10.4071],[25.67451,10.41165],[25.66769,10.41134],[25.66603,10.42126],[25.66924,10.42591]]]},"properties":{"adm2_name":"Raja","adm2_pcode":"SS0902","adm1_name":"Western Bahr el Ghazal","adm1_pcode":"SS09","center_lat":8.5430611899999995,"center_lon":25.21988189}},{"type":"Feature","geometry":{"type":"Polygon","coordinates":[[[32.97597,8.6232],[32.96871,8.64416],[32.98911,8.67362],[32.93473,8.73479],[32.84183,8.8866],[32.87355,8.91152],[32.82144,8.98402],[32.78426,9.11584],[32.42947,9.08825],[32.42686,9.02233],[32.4106,8.928],[32.52119,8.90198],[32.64479,8.43685],[32.92777,8.27747],[32.83019,7.98798],[33.03643,7.98786],[33.0406,8.01053],[33.06213,8.01405],[33.07546,8.02053],[33.08212,8.03743],[33.08022,8.05224],[33.08674,8.05644],[33.08355,8.06485],[33.08581,8.06878],[33.10092,8.07139],[33.11103,8.06604],[33.11603,8.05902],[33.12007,8.05914],[33.11841,8.09513],[33.12114,8.10411],[33.14113,8.10994],[33.16135,8.1072],[33.17028,8.1244],[33.18729,8.12237],[33.19276,8.12761],[33.18372,8.15384],[33.18908,8.16503],[33.17659,8.17264],[33.1773,8.18483],[33.16754,8.18828],[33.16623,8.19304],[33.1974,8.21345],[33.20454,8.23082],[33.20395,8.23629],[33.19312,8.24611],[33.17718,8.24837],[33.17052,8.27044],[33.17385,8.28293],[33.16981,8.29124],[33.17397,8.29542],[33.19336,8.29518],[33.20014,8.30131],[33.20097,8.30869],[33.19205,8.33138],[33.19462,8.33534],[33.20597,8.33066],[33.21494,8.33941],[33.21608,8.3515],[33.21335,8.35733],[33.19788,8.34984],[33.19372,8.35055],[33.18515,8.38187],[33.19051,8.39341],[33.18801,8.4015],[33.19015,8.40673],[33.20098,8.40959],[33.21641,8.4078],[33.21443,8.42795],[33.21998,8.4351],[33.21568,8.44704],[33.03442,8.44704],[33.03216,8.53088],[33.01176,8.53767],[33.01176,8.59432],[32.98911,8.58525],[32.97597,8.6232]]]},"properties":{"adm2_name":"Ulang","adm2_pcode":"SS0712","adm1_name":"Upper Nile","adm1_pcode":"SS07","center_lat":8.5543010099999996,"center_lon":32.81267081}},{"type":"Feature","geometry":{"type":"Polygon","coordinates":[[[30.27772,8.54641],[30.27225,8.55093],[30.275,8.55778],[30.26109,8.55768],[30.19971,8.48994],[30.12562,8.44972],[30.07481,8.45819],[30.01131,8.44126],[29.98379,8.38199],[29.85466,8.33542],[29.77211,8.35658],[29.72977,8.3587],[29.66638,8.28686],[29.69796,7.83261],[29.92667,7.79601],[29.97148,7.6916],[30.00072,7.77445],[30.05788,7.81679],[30.10022,7.89723],[30.04729,7.92898],[30.03671,8.02847],[30.10445,8.04541],[30.12773,8.18512],[30.06211,8.22322],[30.07481,8.27614],[30.10657,8.28038],[30.09387,8.32483],[30.12985,8.35023],[30.14846,8.43499],[30.20817,8.42644],[30.35391,8.48004],[30.34268,8.48978],[30.33745,8.52095],[30.31103,8.52167],[30.30627,8.53071],[30.30675,8.53809],[30.29939,8.54398],[30.2963,8.55219],[30.27772,8.54641]]]},"properties":{"adm2_name":"Mayendit","adm2_pcode":"SS0605","adm1_name":"Unity","adm1_pcode":"SS06","center_lat":8.1254938200000009,"center_lon":29.8976997}},{"type":"Feature","geometry":{"type":"Polygon","coordinates":[[[30.139,7.3076],[29.92667,7.79601],[29.69796,7.83261],[29.5333,7.7024],[29.32899,7.66581],[29.17011,7.5108],[29.27806,7.48719],[29.28014,7.46011],[29.59044,7.28518],[29.73206,7.306],[29.88201,7.27893],[29.96947,7.28309],[30.01321,7.24977],[30.05486,7.24977],[30.05486,7.27268],[30.14418,7.29573],[30.139,7.3076]]]},"properties":{"adm2_name":"Rumbek North","adm2_pcode":"SS0405","adm1_name":"Lakes","adm1_pcode":"SS04","center_lat":7.5453013100000002,"center_lon":29.620390029999999}},{"type":"Feature","geometry":{"type":"Polygon","coordinates":[[[31.90231,8.241],[31.90784,8.26864],[31.82154,8.35186],[31.71366,8.36728],[31.69516,8.30871],[31.5318,8.14227],[31.52564,8.09912],[31.72907,7.92959],[31.70749,7.76315],[31.74756,7.7539],[31.75989,7.71691],[31.7229,7.67376],[31.71366,7.50423],[31.66742,7.44875],[31.71674,7.34704],[31.72599,7.20217],[31.78965,7.01913],[32.11435,7.05422],[32.15442,7.09737],[32.56129,7.06963],[32.58286,7.09121],[32.58286,7.22991],[32.69999,7.27923],[32.77088,7.39944],[32.76164,7.44567],[32.74006,7.43334],[32.61677,7.46417],[32.62601,7.55047],[32.56745,7.59054],[32.62601,7.66451],[32.63218,7.69534],[32.58903,7.89877],[32.41334,7.9111],[32.36402,7.87411],[32.34861,7.88027],[32.35169,7.92343],[32.28388,8.00048],[32.23765,8.11453],[32.16984,8.10836],[32.1236,8.03747],[32.08045,8.06213],[32.06504,8.16076],[32.10819,8.32412],[32.08661,8.34878],[31.99414,8.33954],[31.98182,8.2594],[31.90168,8.23782],[31.90231,8.241]]]},"properties":{"adm2_name":"Uror","adm2_pcode":"SS0311","adm1_name":"Jonglei","adm1_pcode":"SS03","center_lat":7.6845489300000001,"center_lon":32.181085660000001}},{"type":"Feature","geometry":{"type":"Polygon","coordinates":[[[29.86739,7.28157],[29.73206,7.306],[29.59044,7.28518],[29.59669,7.20187],[29.45299,6.9832],[29.52588,6.90406],[29.50922,6.84367],[29.41551,6.82076],[29.37386,6.72705],[29.43842,6.7208],[29.43217,6.6729],[29.45508,6.67082],[29.48423,6.7083],[29.5363,6.67082],[29.57378,6.68748],[29.58628,6.66665],[29.72581,6.73121],[29.78412,6.79994],[29.87159,6.79577],[29.98405,6.89573],[30.04861,6.97904],[30.10901,6.97904],[30.16524,7.0915],[30.22304,7.11435],[30.14418,7.29573],[30.05486,7.27268],[30.05486,7.24977],[30.01321,7.24977],[29.96947,7.28309],[29.88201,7.27893],[29.86739,7.28157]]]},"properties":{"adm2_name":"Rumbek Centre","adm2_pcode":"SS0403","adm1_name":"Lakes","adm1_pcode":"SS04","center_lat":7.0008931199999997,"center_lon":29.79227719}},{"type":"Feature","geometry":{"type":"Polygon","coordinates":[[[29.6699,8.23628],[29.65832,8.40284],[29.2741,8.69558],[29.16572,8.90487],[29.03538,8.82828],[28.65783,8.67726],[28.66218,8.60175],[28.59539,8.51463],[28.58377,8.37668],[28.65492,8.24308],[28.63169,8.17338],[28.52278,8.16467],[28.45163,8.18064],[28.33981,8.13417],[28.26866,8.07028],[28.20767,8.04414],[28.17116,7.99393],[28.31355,7.78168],[28.28916,7.7085],[28.29526,7.65971],[28.37242,7.58742],[28.46034,7.63319],[28.54892,7.64335],[28.58232,7.66514],[28.62588,7.72032],[28.63459,7.75952],[28.70284,7.76824],[28.74931,7.79002],[28.80594,7.75807],[28.89017,7.79728],[28.97294,7.87569],[29.00779,7.94394],[29.1196,8.01074],[29.16607,8.00493],[29.20673,8.02671],[29.2895,8.1516],[29.33597,8.17919],[29.67596,8.14915],[29.6699,8.23628]]]},"properties":{"adm2_name":"Tonj North","adm2_pcode":"SS0804","adm1_name":"Warrap","adm1_pcode":"SS08","center_lat":8.2641294100000007,"center_lon":29.15583865}},{"type":"Feature","geometry":{"type":"Polygon","coordinates":[[[30.35672,8.45671],[30.35221,8.46439],[30.35293,8.46927],[30.36518,8.47629],[30.35391,8.48004],[30.20817,8.42644],[30.14873,8.43516],[30.12985,8.35023],[30.09387,8.32483],[30.10657,8.28038],[30.07481,8.27614],[30.06211,8.22322],[30.12773,8.18512],[30.10445,8.04541],[30.03671,8.02847],[30.04729,7.92898],[30.10022,7.89723],[30.2865,7.99037],[30.44073,7.98032],[30.44181,7.99153],[30.45565,7.99235],[30.45446,7.9983],[30.44465,8.01003],[30.44442,8.01824],[30.43001,8.03554],[30.43001,8.04387],[30.41348,8.04822],[30.40813,8.05334],[30.40764,8.06695],[30.41549,8.07385],[30.40201,8.07521],[30.39455,8.08337],[30.39932,8.10569],[30.39265,8.10883],[30.36616,8.10752],[30.36494,8.11363],[30.36981,8.12406],[30.36552,8.12953],[30.36005,8.1243],[30.35981,8.11502],[30.35496,8.10801],[30.3453,8.10883],[30.34458,8.10241],[30.33982,8.10383],[30.32745,8.135],[30.32476,8.15461],[30.32983,8.16308],[30.3246,8.1657],[30.31771,8.16302],[30.31437,8.16641],[30.32936,8.19901],[30.32031,8.20639],[30.32031,8.21043],[30.33898,8.21716],[30.3472,8.22471],[30.34458,8.23375],[30.32555,8.23804],[30.32336,8.24097],[30.33887,8.25755],[30.35006,8.26017],[30.35244,8.26611],[30.34625,8.28182],[30.33545,8.28654],[30.33388,8.29015],[30.33578,8.298],[30.33959,8.30062],[30.34958,8.29943],[30.35529,8.30466],[30.3466,8.3284],[30.34768,8.33678],[30.35315,8.34535],[30.34887,8.35177],[30.33816,8.35487],[30.349,8.36421],[30.33816,8.37414],[30.33554,8.38366],[30.34054,8.39127],[30.35911,8.39562],[30.36137,8.40181],[30.35743,8.41364],[30.36743,8.42149],[30.38051,8.42649],[30.3798,8.43006],[30.36139,8.44032],[30.36922,8.4488],[30.37868,8.4501],[30.37885,8.45909],[30.36933,8.46361],[30.36195,8.45695],[30.35672,8.45671]]]},"properties":{"adm2_name":"Leer","adm2_pcode":"SS0604","adm1_name":"Unity","adm1_pcode":"SS06","center_lat":8.1881812400000005,"center_lon":30.222475410000001}},{"type":"Feature","geometry":{"type":"Polygon","coordinates":[[[32.21624,4.24192],[32.0692,4.37019],[32.07232,4.27019],[32.04955,4.23767],[31.99751,4.24417],[31.9845,4.10431],[31.86415,4.03926],[31.76332,4.0295],[31.72429,4.00022],[31.80198,3.82153],[31.81349,3.8221],[31.82519,3.81762],[31.84253,3.80101],[31.87054,3.78203],[31.90712,3.73443],[31.95988,3.65422],[31.96109,3.64551],[31.9524,3.62655],[31.95775,3.58629],[32.00041,3.58584],[32.00067,3.57677],[32.03416,3.583],[32.04467,3.59235],[32.04683,3.58672],[32.05364,3.59083],[32.05364,3.58645],[32.06106,3.58452],[32.05757,3.58123],[32.06289,3.5797],[32.06247,3.57604],[32.07052,3.5758],[32.06882,3.57206],[32.07356,3.57095],[32.07296,3.56634],[32.07683,3.56759],[32.0818,3.56436],[32.08117,3.55922],[32.08676,3.55928],[32.08164,3.55256],[32.08334,3.54507],[32.08917,3.54614],[32.08702,3.54211],[32.08975,3.535],[32.08754,3.53301],[32.08404,3.53615],[32.08508,3.53007],[32.10322,3.52933],[32.20158,3.50439],[32.20489,3.51215],[32.20291,3.52609],[32.2101,3.53696],[32.20829,3.54608],[32.21862,3.561],[32.21397,3.56687],[32.21592,3.57418],[32.20758,3.59201],[32.20189,3.59073],[32.19537,3.59404],[32.1979,3.59778],[32.41602,3.74291],[32.72097,3.7651],[32.88302,3.80794],[32.85002,3.90317],[32.79915,3.89534],[32.77256,3.82149],[32.64258,3.88352],[32.51555,4.09918],[32.30876,4.16122],[32.21624,4.24192]]]},"properties":{"adm2_name":"Magwi","adm2_pcode":"SS0207","adm1_name":"Eastern Equatoria","adm1_pcode":"SS02","center_lat":3.9271572199999998,"center_lon":32.186466230000001}},{"type":"Feature","geometry":{"type":"Polygon","coordinates":[[[26.69631,9.49],[26.59555,9.5083],[26.50953,9.52969],[26.39593,9.56581],[26.34793,9.59432],[26.31371,9.63663],[26.29089,9.68701],[26.26665,9.74737],[26.21867,9.89578],[26.15021,9.20888],[26.28362,9.17282],[26.373,9.11462],[26.35845,8.99614],[26.44991,9.09383],[26.57463,9.06057],[26.71182,9.13748],[26.79288,9.1167],[26.89266,9.1458],[26.93215,9.11877],[26.96125,9.13956],[26.98412,9.17282],[27.10052,9.15619],[27.08181,9.12293],[27.11923,9.14995],[27.15041,9.1354],[27.25849,8.96703],[27.35707,8.91569],[27.38113,9.01276],[27.3645,9.09591],[27.32501,9.15411],[27.3354,9.1936],[27.30215,9.25596],[27.23355,9.32664],[27.20653,9.42225],[27.17951,9.4472],[27.20029,9.50332],[27.22939,9.5345],[27.22659,9.62551],[27.13738,9.62427],[27.02236,9.60193],[27.00288,9.59385],[26.99242,9.59385],[26.91732,9.56248],[26.85316,9.53159],[26.74527,9.49594],[26.70392,9.48833],[26.69631,9.49]]]},"properties":{"adm2_name":"Aweil North","adm2_pcode":"SS0503","adm1_name":"Northern Bahr el Ghazal","adm1_pcode":"SS05","center_lat":9.3732729999999993,"center_lon":26.69348149}},{"type":"Feature","geometry":{"type":"Polygon","coordinates":[[[26.93215,8.87973],[26.87603,8.95456],[26.84901,8.9608],[26.84485,8.87142],[26.743,8.88597],[26.71389,8.86518],[26.68479,8.8735],[26.65777,8.9026],[26.63075,8.90468],[26.5871,8.80906],[26.47693,8.78204],[26.33351,8.63861],[26.21425,8.60345],[26.27963,8.21256],[26.79497,7.89237],[27.33776,8.19426],[27.72502,8.32843],[27.80736,8.49615],[27.76984,8.48479],[27.72826,8.51182],[27.7054,8.51389],[27.68877,8.49103],[27.60147,8.47232],[27.56821,8.4162],[27.53911,8.43075],[27.52664,8.49727],[27.54119,8.51389],[27.51209,8.60951],[27.45804,8.62198],[27.39984,8.68434],[27.40816,8.72799],[27.43761,8.74763],[27.42063,8.75501],[27.42092,8.75769],[27.37074,8.72591],[27.35411,8.73839],[27.33748,8.73215],[27.34164,8.71344],[27.32917,8.70305],[27.3167,8.72176],[27.21276,8.73007],[27.18782,8.75709],[27.13793,8.68226],[26.99451,8.74878],[26.94462,8.80698],[26.93215,8.87973]]]},"properties":{"adm2_name":"Aweil Centre","adm2_pcode":"SS0501","adm1_name":"Northern Bahr el Ghazal","adm1_pcode":"SS05","center_lat":8.4229977300000005,"center_lon":26.89951962}},{"type":"Feature","geometry":{"type":"Polygon","coordinates":[[[31.43377,9.34823],[31.17847,9.42482],[31.16809,9.39368],[31.07562,9.34128],[31.14343,9.11319],[31.09103,9.01456],[31.17426,8.9036],[31.11261,8.84195],[31.53797,8.76797],[31.82687,8.87427],[31.82281,8.88852],[31.81871,8.88976],[31.80815,8.90441],[31.81091,8.91074],[31.80805,8.91474],[31.81272,8.91712],[31.81443,8.92502],[31.80863,8.9255],[31.80805,8.93025],[31.8012,8.92807],[31.80691,8.93563],[31.79958,8.94144],[31.79549,8.94087],[31.79568,8.94639],[31.79121,8.94848],[31.79616,8.9541],[31.78207,8.95728],[31.78426,8.96509],[31.77541,8.96947],[31.78207,8.97099],[31.77798,8.97451],[31.78283,8.97642],[31.77807,8.98246],[31.77217,8.98284],[31.7735,8.98827],[31.76979,8.99179],[31.77674,8.99255],[31.77826,8.99983],[31.78179,8.99821],[31.77874,9.01111],[31.78911,9.01149],[31.7893,9.01882],[31.79816,9.02205],[31.79768,9.02972],[31.80472,9.03333],[31.80587,9.03885],[31.79854,9.03952],[31.79635,9.04737],[31.78331,9.04651],[31.78131,9.05066],[31.77588,9.04961],[31.77579,9.05432],[31.76846,9.05584],[31.76884,9.05984],[31.76418,9.06041],[31.75681,9.08413],[31.81536,9.14593],[31.78284,9.27603],[31.6202,9.2923],[31.54539,9.38662],[31.45757,9.34109],[31.43377,9.34823]]]},"properties":{"adm2_name":"Canal/Pigi","adm2_pcode":"SS0304","adm1_name":"Jonglei","adm1_pcode":"SS03","center_lat":9.1035621899999999,"center_lon":31.45677233}},{"type":"Feature","geometry":{"type":"Polygon","coordinates":[[[30.44109,7.97928],[30.2865,7.99037],[30.10022,7.89723],[30.05788,7.81679],[30.00072,7.77445],[29.97148,7.6916],[30.2316,7.09466],[30.53654,7.06721],[30.61887,7.20139],[30.71267,7.21435],[30.70924,7.22038],[30.70829,7.24346],[30.70092,7.25559],[30.70329,7.27201],[30.69259,7.27772],[30.69687,7.28296],[30.69268,7.28985],[30.67522,7.30128],[30.67807,7.30889],[30.67522,7.32055],[30.68021,7.32436],[30.66832,7.32841],[30.67357,7.33193],[30.67284,7.33745],[30.67736,7.33483],[30.67902,7.32864],[30.68259,7.32983],[30.67879,7.33578],[30.68188,7.3403],[30.67831,7.34601],[30.68069,7.35744],[30.67569,7.36124],[30.67546,7.36909],[30.67379,7.37195],[30.66722,7.3721],[30.66451,7.38099],[30.65523,7.38599],[30.65285,7.39455],[30.64214,7.39908],[30.63239,7.40978],[30.6322,7.41671],[30.62002,7.41383],[30.6239,7.43656],[30.61859,7.43219],[30.61621,7.44095],[30.60859,7.44476],[30.59313,7.4431],[30.58123,7.44952],[30.58075,7.4588],[30.58361,7.46308],[30.59432,7.4657],[30.59455,7.47213],[30.58575,7.47998],[30.56172,7.48878],[30.55981,7.49687],[30.56314,7.50615],[30.55529,7.50948],[30.55387,7.51377],[30.55839,7.51876],[30.5641,7.51971],[30.5748,7.51162],[30.58327,7.51369],[30.58387,7.53847],[30.56576,7.57301],[30.5641,7.5861],[30.55506,7.58035],[30.54831,7.5813],[30.53578,7.60038],[30.53769,7.6275],[30.52745,7.64368],[30.50617,7.64707],[30.50022,7.65329],[30.49939,7.6571],[30.50617,7.6659],[30.51193,7.66708],[30.52399,7.66187],[30.52996,7.66674],[30.52473,7.67994],[30.52306,7.69232],[30.52556,7.69886],[30.52092,7.70279],[30.52485,7.70731],[30.5214,7.71552],[30.52806,7.71873],[30.52866,7.72848],[30.53449,7.73741],[30.52913,7.75204],[30.54876,7.76025],[30.54983,7.76406],[30.5402,7.78428],[30.54722,7.79582],[30.55959,7.80022],[30.55495,7.80605],[30.53496,7.80237],[30.5307,7.80425],[30.53853,7.81748],[30.54936,7.81748],[30.55178,7.82295],[30.54746,7.83069],[30.52722,7.83842],[30.52366,7.84317],[30.52544,7.86364],[30.53163,7.87113],[30.51527,7.88482],[30.51117,7.89374],[30.51426,7.89897],[30.52069,7.90076],[30.52009,7.9073],[30.5032,7.92455],[30.49582,7.93907],[30.47333,7.94597],[30.46941,7.95073],[30.45513,7.97],[30.45906,7.98249],[30.4443,7.97738],[30.44109,7.97928]]]},"properties":{"adm2_name":"Panyijiar","adm2_pcode":"SS0607","adm1_name":"Unity","adm1_pcode":"SS06","center_lat":7.5288751100000004,"center_lon":30.312682939999998}},{"type":"Feature","geometry":{"type":"Polygon","coordinates":[[[33.38493,8.91571],[33.36748,8.94551],[33.28592,9.01121],[33.21568,9.11997],[33.13865,9.13583],[33.0956,9.25818],[33.0095,9.37826],[32.95965,9.37826],[32.87582,9.34428],[32.83504,9.19927],[32.8373,9.11997],[32.78426,9.11584],[32.82144,8.98402],[32.87355,8.91152],[32.84183,8.8866],[32.93473,8.73479],[32.98911,8.67362],[32.96871,8.64416],[32.98911,8.58525],[33.01176,8.59432],[33.01176,8.53767],[33.03216,8.53088],[33.03442,8.44704],[33.21568,8.44704],[33.21998,8.4351],[33.2317,8.42512],[33.2499,8.44088],[33.24336,8.44374],[33.243,8.44719],[33.25883,8.45028],[33.2687,8.45659],[33.27179,8.46313],[33.28179,8.45778],[33.28214,8.44945],[33.28702,8.44142],[33.29511,8.44154],[33.30059,8.44725],[33.30844,8.46605],[33.31371,8.46922],[33.32153,8.45522],[33.33461,8.44874],[33.34925,8.45112],[33.36804,8.44802],[33.37149,8.43886],[33.38149,8.43785],[33.38767,8.43012],[33.39719,8.42714],[33.4048,8.44273],[33.41825,8.44784],[33.42337,8.45385],[33.43455,8.4466],[33.44704,8.44517],[33.46834,8.46034],[33.4775,8.45665],[33.48904,8.46438],[33.48856,8.47699],[33.49665,8.48163],[33.507,8.47271],[33.51271,8.47509],[33.52211,8.46819],[33.53294,8.47295],[33.55007,8.46926],[33.55971,8.47461],[33.56399,8.46962],[33.56197,8.46284],[33.56756,8.46307],[33.56613,8.45665],[33.56875,8.45165],[33.57743,8.44808],[33.59302,8.44975],[33.59683,8.44315],[33.6023,8.44802],[33.60183,8.45492],[33.61515,8.46682],[33.61682,8.47217],[33.62015,8.47253],[33.62764,8.46563],[33.6349,8.46694],[33.64074,8.4637],[33.64844,8.51502],[33.61672,8.54447],[33.56914,8.549],[33.52156,8.59432],[33.53742,8.69627],[33.4989,8.8005],[33.51249,8.81636],[33.48631,8.86872],[33.42186,8.85261],[33.38493,8.91571]]]},"properties":{"adm2_name":"Luakpiny/Nasir","adm2_pcode":"SS0704","adm1_name":"Upper Nile","adm1_pcode":"SS07","center_lat":8.8990582699999994,"center_lon":33.126183589999997}},{"type":"Feature","geometry":{"type":"Polygon","coordinates":[[[31.71948,7.30413],[31.71674,7.34704],[31.66742,7.44875],[31.30679,7.39327],[31.1311,7.3008],[31.10028,7.3193],[30.6964,7.28517],[30.69235,7.27891],[30.70329,7.27201],[30.70092,7.25559],[30.70829,7.24346],[30.70996,7.21728],[30.7259,7.20967],[30.72971,7.20325],[30.72186,7.17826],[30.73518,7.1804],[30.74398,7.16398],[30.76254,7.14995],[30.76327,7.13684],[30.76733,7.13297],[30.77518,7.13595],[30.79148,7.12774],[30.79493,7.13705],[30.80248,7.13575],[30.79992,7.1223],[30.80326,7.11897],[30.80397,7.12254],[30.80682,7.12135],[30.80849,7.11278],[30.81493,7.12493],[30.81539,7.11802],[30.82429,7.11738],[31.19167,6.80594],[31.19646,6.80524],[31.19265,6.79144],[31.20217,6.79025],[31.19384,6.77454],[31.19741,6.76978],[31.20717,6.77478],[31.21121,6.77145],[31.20693,6.75027],[31.2105,6.74908],[31.21383,6.75384],[31.22002,6.73909],[31.22597,6.73837],[31.22668,6.74218],[31.22264,6.74504],[31.22739,6.74551],[31.23513,6.72921],[31.25369,6.72017],[31.25749,6.70613],[31.26796,6.70923],[31.27106,6.70589],[31.27248,6.70185],[31.26558,6.68995],[31.26606,6.68495],[31.26963,6.68091],[31.28081,6.68115],[31.2851,6.67686],[31.28878,6.65819],[31.29949,6.65366],[31.2983,6.6401],[31.30044,6.63201],[31.30377,6.63106],[31.31587,6.63254],[31.32221,6.67818],[31.43933,6.78298],[31.59653,6.80455],[31.78965,7.01913],[31.72599,7.20217],[31.71948,7.30413]]]},"properties":{"adm2_name":"Twic East","adm2_pcode":"SS0310","adm1_name":"Jonglei","adm1_pcode":"SS03","center_lat":7.0492110800000001,"center_lon":31.340865640000001}},{"type":"Feature","geometry":{"type":"Polygon","coordinates":[[[31.78233,9.60212],[31.8653,9.65015],[31.86756,9.67281],[31.73162,9.7],[31.607,9.79063],[31.46879,9.83368],[31.4264,9.8989],[31.366,9.81985],[31.50958,9.78156],[31.59114,9.70226],[31.59341,9.63882],[31.55263,9.6071],[31.56622,9.59124],[31.59568,9.59577],[31.61154,9.56632],[31.58661,9.53007],[31.64326,9.44623],[31.72709,9.48475],[31.73615,9.57538],[31.78233,9.60212]]]},"properties":{"adm2_name":"Malakal","adm2_pcode":"SS0707","adm1_name":"Upper Nile","adm1_pcode":"SS07","center_lat":9.6664203700000009,"center_lon":31.729675060000002}},{"type":"Feature","geometry":{"type":"Polygon","coordinates":[[[31.52741,9.76422],[31.50958,9.78156],[31.366,9.81985],[31.35189,9.8031],[31.32436,9.77881],[31.28875,9.76154],[31.27471,9.75831],[31.18081,9.74967],[30.89263,9.74859],[30.86133,9.73024],[30.83596,9.72431],[30.82733,9.71891],[30.84607,9.65334],[30.7615,9.61106],[30.75619,9.47586],[30.79389,9.45552],[30.81578,9.46017],[30.8397,9.45291],[30.89371,9.46447],[30.9143,9.46183],[30.91853,9.4665],[30.91941,9.47706],[30.93868,9.48598],[30.95248,9.4792],[30.97414,9.4742],[30.99615,9.47718],[31.03826,9.46802],[31.05504,9.45588],[31.07122,9.45552],[31.09573,9.44113],[31.12952,9.43233],[31.15451,9.41656],[31.16366,9.41436],[31.17568,9.41644],[31.17847,9.42482],[31.45757,9.34109],[31.54539,9.38662],[31.6202,9.2923],[31.78284,9.27603],[31.81536,9.14593],[31.75681,9.08413],[31.76418,9.06041],[31.76884,9.05984],[31.76846,9.05584],[31.77579,9.05432],[31.77588,9.04961],[31.78131,9.05066],[31.78331,9.04651],[31.79635,9.04737],[31.79901,9.04509],[31.79758,9.04047],[31.80472,9.03971],[31.80634,9.03685],[31.79768,9.02972],[31.79816,9.02205],[31.7893,9.01882],[31.78911,9.01149],[31.77874,9.01111],[31.78179,8.99821],[31.77826,8.99983],[31.77674,8.99255],[31.77008,8.99255],[31.7735,8.98827],[31.77179,8.98332],[31.77807,8.98246],[31.78283,8.97642],[31.77798,8.97451],[31.78207,8.97099],[31.77541,8.96947],[31.78426,8.96509],[31.78207,8.95728],[31.79616,8.9541],[31.79121,8.94848],[31.79568,8.94639],[31.79549,8.94087],[31.79958,8.94144],[31.80691,8.93563],[31.8012,8.92807],[31.80805,8.93025],[31.80863,8.9255],[31.81443,8.92502],[31.81272,8.91712],[31.80805,8.91474],[31.81091,8.91074],[31.80815,8.90441],[31.81871,8.88976],[31.82281,8.88852],[31.82687,8.87427],[31.95819,8.87753],[32.06695,8.95004],[32.01031,9.09958],[32.01031,9.19247],[32.07828,9.25365],[32.07601,9.27404],[31.8653,9.33974],[31.8721,9.36693],[31.70344,9.47389],[31.64326,9.44623],[31.58661,9.53007],[31.61154,9.56632],[31.59568,9.59577],[31.56622,9.59124],[31.55263,9.6071],[31.59341,9.63882],[31.59114,9.70226],[31.52741,9.76422]]]},"properties":{"adm2_name":"Panyikang","adm2_pcode":"SS0710","adm1_name":"Upper Nile","adm1_pcode":"SS07","center_lat":9.3471059099999998,"center_lon":31.72193592}},{"type":"Feature","geometry":{"type":"Polygon","coordinates":[[[28.49338,6.27468],[28.46297,6.29755],[28.49956,6.36769],[28.46602,6.48662],[28.49651,6.4979],[28.49633,6.51854],[28.41699,6.49828],[28.32048,6.37933],[28.0691,6.24915],[27.79303,6.15039],[27.86261,6.00899],[27.81996,5.94839],[27.86261,5.89004],[27.85363,5.80026],[27.9681,5.6611],[27.89403,5.46359],[27.68754,5.43217],[27.4788,5.34912],[27.25769,5.34704],[27.25631,5.34181],[27.2595,5.3348],[27.28489,5.30668],[27.29115,5.28617],[27.30072,5.2812],[27.30368,5.26566],[27.3346,5.21361],[27.35512,5.20543],[27.36534,5.19319],[27.37821,5.19053],[27.40063,5.17564],[27.40755,5.16902],[27.41645,5.14619],[27.41677,5.12998],[27.42501,5.12038],[27.45699,5.09688],[27.4616,5.08662],[27.4606,5.07935],[27.45568,5.07347],[27.45828,5.05719],[27.44291,5.02036],[27.46418,5.00195],[27.48331,5.00293],[27.48198,4.98606],[27.48823,4.96985],[27.52382,4.93972],[27.53798,4.91457],[27.55874,4.89703],[27.58808,4.89535],[27.60095,4.89071],[27.6448,4.89099],[27.67908,4.87608],[27.68236,4.85755],[27.69406,4.84764],[27.70344,4.834],[27.70436,4.82385],[27.69616,4.80694],[27.69846,4.79966],[27.70744,4.79],[27.71559,4.78509],[27.72482,4.78508],[27.74428,4.79332],[27.76042,4.78829],[27.78081,4.73673],[27.77485,4.71061],[27.76561,4.70532],[27.76198,4.69607],[27.76576,4.68796],[27.76871,4.68681],[27.94341,4.85534],[28.06012,4.88003],[28.09827,4.92043],[28.19928,4.98328],[28.22172,5.10448],[28.17683,5.13814],[28.18132,5.20323],[28.13643,5.20997],[28.1095,5.36034],[28.05787,5.38054],[28.08032,5.40523],[28.05563,5.4187],[28.08705,5.44788],[28.0287,5.48379],[28.06012,5.50848],[28.03319,5.63641],[28.0691,5.69701],[28.03543,5.81148],[28.03767,5.84515],[28.10276,5.87657],[28.10276,5.94615],[28.15439,6.03144],[28.2307,6.10101],[28.2307,6.13917],[28.35639,6.25364],[28.44168,6.24466],[28.49338,6.27468]]]},"properties":{"adm2_name":"Ezo","adm2_pcode":"SS1001","adm1_name":"Western Equatoria","adm1_pcode":"SS10","center_lat":5.6182285900000002,"center_lon":27.994516229999999}},{"type":"Feature","geometry":{"type":"Polygon","coordinates":[[[30.13013,6.32375],[30.12183,6.35244],[29.9675,6.36367],[29.89922,6.3128],[29.91142,6.25486],[29.87178,6.26401],[29.85653,6.3128],[29.79249,6.30975],[29.78945,6.0841],[29.63088,5.97432],[29.57699,5.71029],[29.6175,5.67578],[29.84388,5.65158],[29.94501,5.55799],[30.04556,5.53788],[30.04844,5.5939],[30.15761,5.63269],[30.27971,5.61258],[30.25241,5.66716],[30.26103,5.69589],[30.34004,5.66716],[30.5946,5.80107],[30.30394,6.08125],[30.19196,6.09325],[30.20721,6.15728],[30.15537,6.23657],[30.13013,6.32375]]]},"properties":{"adm2_name":"Mvolo","adm2_pcode":"SS1006","adm1_name":"Western Equatoria","adm1_pcode":"SS10","center_lat":5.9548561199999996,"center_lon":30.030982600000002}},{"type":"Feature","geometry":{"type":"Polygon","coordinates":[[[33.67873,4.91544],[33.78288,5.27789],[33.62631,5.41969],[33.73478,5.77959],[33.3116,5.84027],[33.26886,5.57035],[33.13001,5.24539],[33.26,4.91157],[33.31613,4.84067],[33.37226,4.86431],[33.44316,4.78454],[33.53769,4.82295],[33.56723,4.77568],[33.6145,4.87317],[33.66052,4.85207],[33.67873,4.91544]]]},"properties":{"adm2_name":"Kapoeta North","adm2_pcode":"SS0204","adm1_name":"Eastern Equatoria","adm1_pcode":"SS02","center_lat":5.3348228300000002,"center_lon":33.444121500000001}},{"type":"Feature","geometry":{"type":"Polygon","coordinates":[[[32.39519,7.08096],[32.15442,7.09737],[32.11435,7.05422],[31.79071,7.02032],[31.59653,6.80455],[31.43933,6.78298],[31.32221,6.67818],[31.31587,6.63254],[31.31853,6.62963],[31.31377,6.62368],[31.32138,6.61702],[31.32352,6.6075],[31.33078,6.59929],[31.32721,6.58216],[31.41724,6.43845],[31.42105,6.43702],[31.4182,6.43131],[31.42367,6.41799],[31.41915,6.403],[31.42177,6.40062],[31.42605,6.40323],[31.42605,6.39705],[31.43533,6.38777],[31.43081,6.37873],[31.44175,6.38063],[31.4615,6.36968],[31.46816,6.36088],[31.46412,6.35112],[31.46628,6.34534],[31.47507,6.3378],[31.47745,6.33732],[31.4784,6.3428],[31.48326,6.34049],[31.48101,6.33233],[31.48672,6.32685],[31.48292,6.31971],[31.48482,6.30996],[31.4941,6.30115],[31.48982,6.28569],[31.4978,6.27893],[31.50243,6.28616],[31.50576,6.28474],[31.52289,6.26879],[31.51861,6.26118],[31.53551,6.25513],[31.53218,6.24978],[31.52362,6.24835],[31.5229,6.24419],[31.53397,6.23919],[31.52742,6.22955],[31.54114,6.226],[31.54685,6.2191],[31.54709,6.2072],[31.5547,6.20101],[31.54613,6.18578],[31.54899,6.18412],[31.55423,6.18745],[31.55256,6.1746],[31.55994,6.16389],[31.56113,6.15271],[31.56636,6.14724],[31.56184,6.13629],[31.56945,6.12582],[31.56779,6.11535],[31.57088,6.11297],[31.58516,6.11511],[31.58207,6.10655],[31.5942,6.08894],[31.59206,6.07823],[31.61562,6.04159],[31.6199,6.01755],[31.63751,5.99424],[31.648,5.97003],[31.65868,5.97139],[31.66178,5.94379],[31.69732,5.87275],[32.11442,5.85005],[32.51949,5.85147],[32.51197,6.1172],[32.45341,6.15111],[32.38868,6.37612],[32.40409,6.46242],[32.48423,6.50865],[32.47806,6.7799],[32.53355,6.89394],[32.50272,6.96483],[32.63218,7.06655],[32.58286,7.09121],[32.56129,7.06963],[32.39519,7.08096]]]},"properties":{"adm2_name":"Bor South","adm2_pcode":"SS0303","adm1_name":"Jonglei","adm1_pcode":"SS03","center_lat":6.4886295900000004,"center_lon":31.918488109999998}},{"type":"Feature","geometry":{"type":"Polygon","coordinates":[[[28.78743,9.11664],[28.80755,9.30636],[28.76791,9.3521],[28.03606,9.34387],[27.9403,9.13052],[27.95065,9.10854],[27.96662,9.11],[27.96081,9.05772],[28.01018,9.04465],[28.05084,9.07224],[28.08424,9.05046],[28.08279,9.02287],[28.12926,8.97059],[28.18008,8.95026],[28.25414,8.943],[28.27302,8.9067],[28.2948,8.90815],[28.2948,8.92412],[28.30641,8.92412],[28.31803,8.88201],[28.36014,8.85587],[28.37466,8.85733],[28.39645,8.88492],[28.45744,8.86604],[28.45163,8.79489],[28.45889,8.7731],[28.53149,8.79053],[28.52859,8.82974],[28.57941,8.8704],[28.58667,8.90815],[28.62007,8.93138],[28.60846,8.98802],[28.63605,9.01125],[28.69472,9.02796],[28.7862,9.10511],[28.78743,9.11664]]]},"properties":{"adm2_name":"Twic","adm2_pcode":"SS0806","adm1_name":"Warrap","adm1_pcode":"SS08","center_lat":9.0638749099999991,"center_lon":28.400491089999999}},{"type":"Feature","geometry":{"type":"Polygon","coordinates":[[[32.53934,8.83365],[32.52119,8.90198],[32.4106,8.928],[32.42686,9.02233],[32.39108,9.09714],[32.25772,8.928],[32.09184,8.83367],[31.98125,8.71332],[31.9727,8.72059],[31.97481,8.72229],[31.96015,8.72981],[31.96129,8.73571],[31.9551,8.73228],[31.95234,8.7368],[31.94958,8.73252],[31.95025,8.74299],[31.94131,8.74889],[31.93873,8.75651],[31.93512,8.75622],[31.93445,8.7635],[31.92865,8.75941],[31.92132,8.76179],[31.91894,8.75865],[31.91751,8.76264],[31.90913,8.76407],[31.91351,8.77026],[31.90676,8.77378],[31.91009,8.77997],[31.90818,8.78254],[31.91475,8.78473],[31.91104,8.79191],[31.90238,8.79677],[31.89895,8.79172],[31.89286,8.7961],[31.88858,8.79191],[31.88743,8.79515],[31.88277,8.79591],[31.88534,8.80248],[31.87706,8.80609],[31.87925,8.81376],[31.87363,8.81699],[31.87687,8.82051],[31.87287,8.82327],[31.86726,8.82032],[31.86107,8.82746],[31.85089,8.82813],[31.84898,8.83508],[31.84089,8.83303],[31.84261,8.83684],[31.83823,8.84026],[31.83747,8.84674],[31.83271,8.84807],[31.83566,8.85992],[31.83213,8.86154],[31.83394,8.86553],[31.82814,8.86763],[31.82687,8.87427],[31.53797,8.76797],[31.50667,8.77526],[31.4979,8.68167],[31.52564,8.67551],[31.49173,8.56454],[31.54413,8.49981],[31.59961,8.5029],[31.65509,8.48132],[31.70756,8.34797],[31.71366,8.36728],[31.82154,8.35186],[31.90784,8.26864],[31.90168,8.23782],[31.98182,8.2594],[31.99414,8.33954],[32.08661,8.34878],[32.10819,8.32412],[32.06504,8.16076],[32.08045,8.06213],[32.1236,8.03747],[32.16984,8.10836],[32.16059,8.15152],[32.19449,8.19775],[32.19449,8.27173],[32.21299,8.35495],[32.27772,8.41968],[32.37327,8.43817],[32.39792,8.2933],[32.42567,8.31796],[32.49348,8.21624],[32.51813,8.21933],[32.63526,8.30563],[32.63526,8.36111],[32.64479,8.43685],[32.53934,8.83365]]]},"properties":{"adm2_name":"Nyirol","adm2_pcode":"SS0307","adm1_name":"Jonglei","adm1_pcode":"SS03","center_lat":8.5662188599999993,"center_lon":32.051327149999999}},{"type":"Feature","geometry":{"type":"Polygon","coordinates":[[[33.31437,4.84289],[33.26132,4.9099],[33.05911,4.67524],[33.15365,4.52162],[33.07093,4.46254],[33.00003,4.48026],[33.1566,4.28529],[33.28068,4.19371],[33.23341,4.1169],[33.4727,3.96624],[33.59537,3.83356],[33.93835,4.18052],[33.91808,4.22933],[33.80061,4.21734],[33.63813,4.58661],[33.45497,4.65161],[33.44316,4.78454],[33.37226,4.86431],[33.31613,4.84067],[33.31437,4.84289]]]},"properties":{"adm2_name":"Budi","adm2_pcode":"SS0201","adm1_name":"Eastern Equatoria","adm1_pcode":"SS02","center_lat":4.3823346900000004,"center_lon":33.403342340000002}},{"type":"Feature","geometry":{"type":"Polygon","coordinates":[[[33.78142,10.34853],[33.67209,10.43948],[33.48269,10.65791],[33.36009,10.69385],[33.07974,10.60176],[32.95938,10.34594],[33.0027,10.16674],[32.95703,10.06026],[32.99817,9.77024],[32.99817,9.69547],[33.16583,9.63429],[33.29951,9.54366],[33.37881,9.51421],[33.50116,9.5346],[33.59632,9.46436],[33.60992,9.38279],[33.6643,9.33974],[33.84102,9.35334],[33.87501,9.41225],[33.92939,9.42358],[33.85235,9.51194],[33.85915,9.521],[33.89957,9.49864],[33.88767,9.54623],[33.88767,9.6238],[33.89196,9.63522],[33.89862,9.67995],[33.91004,9.71136],[33.91813,9.75657],[33.92432,9.76656],[33.9443,9.77418],[33.96619,9.80606],[33.96857,9.8132],[33.96619,9.82415],[33.97667,9.86174],[33.97714,9.8803],[33.99284,9.91076],[33.99332,9.92932],[33.98809,9.96073],[33.9938,9.98833],[33.99951,9.99975],[33.99237,10.04211],[33.9957,10.06209],[33.98921,10.07403],[33.97095,10.09303],[33.96667,10.12681],[33.97143,10.14062],[33.96619,10.15394],[33.95097,10.16203],[33.90147,10.16155],[33.79267,10.3391],[33.78142,10.34853]]]},"properties":{"adm2_name":"Maban","adm2_pcode":"SS0705","adm1_name":"Upper Nile","adm1_pcode":"SS07","center_lat":10.017341249999999,"center_lon":33.479592629999999}},{"type":"Feature","geometry":{"type":"Polygon","coordinates":[[[30.22228,8.87169],[30.22919,8.8984],[30.22157,8.91785],[30.14255,8.87097],[30.08751,8.87521],[30.02189,8.90061],[29.98802,8.84346],[29.91393,8.84557],[29.82231,8.91728],[29.81233,8.87732],[29.74247,8.85827],[29.70437,8.87944],[29.67473,8.86674],[29.60699,8.87309],[29.60276,8.79689],[29.57736,8.7482],[29.2741,8.69558],[29.65832,8.40284],[29.66638,8.28686],[29.72977,8.3587],[29.77211,8.35658],[29.85466,8.33542],[29.98379,8.38199],[30.01131,8.44126],[30.07481,8.45819],[30.12562,8.44972],[30.19971,8.48994],[30.26109,8.55768],[30.275,8.55778],[30.28609,8.56679],[30.30271,8.59519],[30.3196,8.61256],[30.32317,8.63541],[30.31651,8.64849],[30.30794,8.65539],[30.2801,8.65397],[30.26678,8.68014],[30.24512,8.69561],[30.2387,8.70703],[30.24488,8.72368],[30.25964,8.73225],[30.26551,8.74286],[30.2613,8.75105],[30.25393,8.75604],[30.2575,8.76318],[30.24465,8.77056],[30.24036,8.77698],[30.24369,8.81149],[30.23346,8.82219],[30.23299,8.84266],[30.21633,8.85289],[30.22228,8.87169]]]},"properties":{"adm2_name":"Koch","adm2_pcode":"SS0603","adm1_name":"Unity","adm1_pcode":"SS06","center_lat":8.6031832700000006,"center_lon":29.85366483}},{"type":"Feature","geometry":{"type":"Polygon","coordinates":[[[29.91671,9.51679],[29.87708,9.55338],[29.83985,9.46369],[29.81656,9.32398],[29.85043,9.24354],[29.83349,9.22237],[29.83138,9.1631],[29.92028,9.01915],[29.87583,8.9747],[29.81233,8.97047],[29.81656,8.92178],[29.91393,8.84557],[29.98802,8.84346],[30.02189,8.90061],[30.08751,8.87521],[30.14255,8.87097],[30.22157,8.91785],[30.21395,8.92546],[30.20991,8.93736],[30.21728,8.94426],[30.21371,8.95687],[30.21728,8.96639],[30.22632,8.97591],[30.22894,8.98566],[30.23418,8.98899],[30.24787,8.98918],[30.24869,9.00565],[30.26774,9.01143],[30.275,9.03558],[30.28226,9.0382],[30.29713,9.03249],[30.29985,9.0549],[30.32531,9.0668],[30.32626,9.07584],[30.32222,9.09298],[30.33245,9.1082],[30.33745,9.132],[30.37171,9.14461],[30.37171,9.16579],[30.38837,9.18125],[30.39289,9.20505],[30.38459,9.21054],[30.37361,9.21219],[30.36719,9.21861],[30.36766,9.22789],[30.37552,9.23812],[30.37052,9.26453],[30.37447,9.27856],[30.36537,9.28902],[30.33959,9.28928],[30.33697,9.2988],[30.33911,9.31427],[30.33269,9.32807],[30.3353,9.33354],[30.35125,9.33116],[30.36124,9.33497],[30.36838,9.34401],[30.37742,9.36947],[30.37993,9.38788],[30.31402,9.39595],[30.14255,9.48909],[29.99861,9.49332],[29.9478,9.48274],[29.91671,9.51679]]]},"properties":{"adm2_name":"Guit","adm2_pcode":"SS0602","adm1_name":"Unity","adm1_pcode":"SS06","center_lat":9.1987303399999991,"center_lon":30.11256521}},{"type":"Feature","geometry":{"type":"Polygon","coordinates":[[[28.89903,6.40642],[28.98746,6.53144],[29.00271,6.62902],[28.98136,6.76014],[28.86549,7.05593],[29.07894,7.42186],[29.15366,7.49475],[29.0862,7.50395],[28.86258,7.59544],[28.85241,7.65642],[28.80885,7.73193],[28.80594,7.75807],[28.74931,7.79002],[28.70284,7.76824],[28.63459,7.75952],[28.62588,7.72032],[28.58232,7.66514],[28.54892,7.64335],[28.46034,7.63319],[28.37242,7.58742],[28.53616,7.43405],[28.49042,7.17486],[28.49651,6.4979],[28.7923,6.38812],[28.89903,6.40642]]]},"properties":{"adm2_name":"Tonj South","adm2_pcode":"SS0805","adm1_name":"Warrap","adm1_pcode":"SS08","center_lat":7.1166441000000003,"center_lon":28.695921250000001}},{"type":"Feature","geometry":{"type":"Polygon","coordinates":[[[28.03236,6.74766],[27.93238,6.79765],[27.08362,6.71493],[27.06807,6.65988],[27.07929,6.54093],[27.22743,6.15937],[27.85828,6.01779],[27.79303,6.15039],[28.0691,6.24915],[28.32048,6.37933],[28.41699,6.49828],[28.49633,6.51854],[28.49414,6.76107],[28.04826,6.73971],[28.03236,6.74766]]]},"properties":{"adm2_name":"Nagero","adm2_pcode":"SS1007","adm1_name":"Western Equatoria","adm1_pcode":"SS10","center_lat":6.4168822199999997,"center_lon":27.739197780000001}},{"type":"Feature","geometry":{"type":"Polygon","coordinates":[[[31.04738,3.81817],[31.04738,3.873],[30.97199,3.9484],[30.83948,3.87986],[30.84176,3.78619],[30.71154,3.77705],[30.64071,3.82731],[30.56014,3.80448],[30.57523,3.75953],[30.57924,3.73382],[30.57547,3.70646],[30.56604,3.70246],[30.5724,3.69184],[30.57429,3.67014],[30.57193,3.66295],[30.57854,3.65281],[30.56627,3.64007],[30.56085,3.63819],[30.55778,3.62875],[30.5592,3.62168],[30.58278,3.61979],[30.58302,3.6146],[30.58844,3.61083],[30.60471,3.60942],[30.61155,3.6047],[30.62759,3.60682],[30.63443,3.61083],[30.63938,3.61979],[30.64363,3.61861],[30.64905,3.62427],[30.66037,3.62663],[30.67075,3.63324],[30.67499,3.64031],[30.68325,3.64385],[30.69149,3.64255],[30.70212,3.63441],[30.72075,3.62663],[30.7316,3.62545],[30.73419,3.63748],[30.73962,3.6396],[30.75612,3.6363],[30.75542,3.66059],[30.76367,3.66555],[30.76273,3.67757],[30.77075,3.67639],[30.77688,3.68111],[30.78419,3.6672],[30.79386,3.66295],[30.7981,3.65706],[30.79598,3.63937],[30.8007,3.633],[30.79622,3.62404],[30.79881,3.60352],[30.80683,3.60045],[30.80777,3.59173],[30.81414,3.58819],[30.82004,3.59361],[30.82381,3.59314],[30.8257,3.59102],[30.8231,3.58512],[30.82641,3.58182],[30.84126,3.57982],[30.84291,3.58359],[30.84975,3.58453],[30.85211,3.57652],[30.86131,3.56968],[30.8606,3.53949],[30.85872,3.53194],[30.85117,3.52345],[30.85329,3.5152],[30.84905,3.49303],[30.85282,3.48784],[30.86548,3.49328],[30.87952,3.52566],[30.8877,3.5542],[30.90376,3.57446],[30.90893,3.5937],[30.9213,3.60021],[30.92929,3.61889],[30.93938,3.6194],[30.94128,3.62651],[30.94913,3.63265],[30.94725,3.65017],[30.95049,3.6591],[30.95574,3.66833],[30.96759,3.67274],[30.96853,3.68174],[30.97741,3.69787],[30.98884,3.70591],[31.00072,3.7087],[31.00838,3.70619],[31.0168,3.70008],[31.01961,3.69343],[31.02282,3.6933],[31.06071,3.71916],[31.06371,3.72957],[31.05902,3.73359],[31.06958,3.74254],[31.08019,3.74285],[31.08471,3.73942],[31.08883,3.74153],[31.09231,3.73424],[31.09436,3.73931],[31.09814,3.7365],[31.04738,3.81817]]]},"properties":{"adm2_name":"Morobo","adm2_pcode":"SS0104","adm1_name":"Central Equatoria","adm1_pcode":"SS01","center_lat":3.7180758300000001,"center_lon":30.817846889999998}}]}