{"features":[{"geometry":{"type":"LineString","coordinates":[[34.37846,4.62],[34.47639,4.72417],[34.5,4.73843],[34.7125,4.79806],[34.96639,4.89306],[35,4.90616],[35.15222,4.98889],[35.19667,4.95583],[35.28611,5.01084],[35.30944,5.02167],[35.32722,5.02305],[35.33667,5.01889],[35.34639,5.00778],[35.33194,4.98139],[35.31111,4.91972],[35.31028,4.9075],[35.45722,4.9225],[35.46944,4.92111],[35.47639,4.91417],[35.47694,4.90278],[35.42084,4.77111],[35.50874,4.62]],"crs":null},"type":"Feature","properties":{"cartographic_style":"Dashed boundary line","bdytyp_integer":3,"iso3cd":"KEN_SSD","bdy_type":"Armistice, undetermined or International administrative line"}},{"geometry":{"type":"MultiLineString","coordinates":[[[24.22336,8.64215],[24.24418,8.64798],[24.38361,8.7898],[24.52686,8.845],[24.5792,8.924],[24.57397,8.96683],[24.56255,8.99301],[24.56398,9.00062],[24.54304,9.06296],[24.54827,9.09485],[24.54732,9.10627],[24.55779,9.13625],[24.5654,9.18479],[24.58301,9.22334],[24.59015,9.24904],[24.59538,9.25475],[24.62584,9.3209],[24.62632,9.32708],[24.60252,9.35468],[24.59634,9.37657],[24.62108,9.39609],[24.6563,9.41655],[24.66534,9.42845],[24.68485,9.44463],[24.73911,9.48222],[24.75053,9.50316],[24.75433,9.51934],[24.75481,9.55741],[24.75148,9.56788],[24.75338,9.58311],[24.74672,9.6031],[24.73482,9.6188],[24.73244,9.62689],[24.7353,9.64165],[24.74434,9.65497],[24.74006,9.66639],[24.73958,9.71208],[24.73435,9.72826],[24.72483,9.72969],[24.72007,9.74444],[24.72578,9.75063],[24.73244,9.75063],[24.74196,9.75729],[24.73863,9.76919],[24.75148,9.76919],[24.76242,9.76347],[24.76956,9.7749],[24.77527,9.77394],[24.78146,9.77728],[24.78717,9.78917],[24.79954,9.79679],[24.80145,9.80488],[24.81001,9.80297],[24.82381,9.82201],[24.81905,9.83676],[24.82762,9.85009],[24.8419,9.85913],[24.85379,9.87626],[24.88568,9.89006],[24.89663,9.90244],[24.92089,9.91433],[24.92423,9.9229],[24.94992,9.93575],[24.95706,9.95383],[24.96706,9.96287],[24.96896,9.97192],[24.97895,9.98143],[24.98276,9.99286],[24.99704,9.99761],[25.00275,10.00285],[25.00894,10.03997],[25.01179,10.04187],[25.02702,10.03331],[25.03273,10.03378],[25.03463,10.04853],[25.03035,10.05948],[25.03035,10.07185],[25.05319,10.0966],[25.05938,10.12135],[25.03939,10.1656],[25.03178,10.16846],[25.02892,10.17369],[25.03416,10.1794],[25.04272,10.20939],[25.057,10.21986],[25.06081,10.23556],[25.06795,10.23794],[25.06462,10.24555],[25.07223,10.25602],[25.07366,10.26744],[25.09269,10.28505],[25.09412,10.2979],[25.10173,10.30599],[25.0984,10.31313],[25.10078,10.31551],[25.1103,10.31361],[25.13267,10.31694],[25.12553,10.32979],[25.12886,10.33121],[25.13314,10.32931],[25.15884,10.33407],[25.18644,10.3217],[25.19025,10.33217],[25.20405,10.33692],[25.20976,10.34502],[25.21452,10.34406],[25.21452,10.3374],[25.23784,10.34406],[25.24926,10.3512],[25.2545,10.3512],[25.26449,10.34121],[25.27543,10.34264],[25.30304,10.33835],[25.31541,10.34359],[25.33968,10.33597],[25.35205,10.34549],[25.35777,10.34549],[25.36252,10.35406],[25.37966,10.3612],[25.39774,10.36072],[25.41011,10.365],[25.41868,10.36215],[25.42439,10.36786],[25.43295,10.36215],[25.44438,10.36786],[25.45389,10.36691],[25.46294,10.37404],[25.50672,10.36786],[25.51481,10.35977],[25.52052,10.36691],[25.53527,10.36072],[25.55193,10.36691],[25.55478,10.37404],[25.56145,10.36738],[25.5881,10.3788],[25.59809,10.38689],[25.60808,10.38594],[25.61332,10.39165],[25.62569,10.39641],[25.63711,10.39546],[25.66493,10.40374],[25.67777,10.39899],[25.69155,10.39899],[25.70629,10.41658],[25.72957,10.41658],[25.74383,10.40517],[25.77615,10.4161],[25.78756,10.4123],[25.79374,10.42656],[25.8042,10.42798],[25.81322,10.43987],[25.81988,10.43083],[25.82653,10.43654],[25.83176,10.43701],[25.83556,10.43321],[25.85172,10.43891],[25.8579,10.43321],[25.86456,10.43606],[25.86883,10.43416],[25.87216,10.42751],[25.88975,10.42418],[25.92159,10.40374],[25.93252,10.37523],[25.93062,10.18178],[25.98528,10.1642],[26.02711,10.13901],[26.04992,10.11714],[26.06133,10.10003],[26.07606,10.06676],[26.11789,10.0045],[26.11599,9.99499],[26.21126,9.91333],[26.26665,9.74737],[26.30277,9.65944],[26.31371,9.63663],[26.33034,9.61334],[26.34793,9.59432],[26.39593,9.56581],[26.55991,9.51638],[26.70392,9.48833],[26.7505,9.49689],[26.85316,9.53159],[26.91732,9.56248],[26.99242,9.59385],[27.00288,9.59385],[27.02236,9.60193],[27.13738,9.62427],[27.23672,9.62569],[27.46723,9.62094],[27.82228,9.60193],[27.9142,9.61017]],[[34.11325,9.49864],[33.89957,9.49864],[33.88767,9.54623],[33.88767,9.6238],[33.89196,9.63522],[33.89862,9.67995],[33.91004,9.71136],[33.91813,9.75657],[33.92432,9.76656],[33.9443,9.77418],[33.96524,9.80273],[33.96857,9.8132],[33.96619,9.82415],[33.96857,9.837],[33.97667,9.86174],[33.97714,9.8803],[33.99284,9.91076],[33.99332,9.92932],[33.98809,9.96073],[33.9938,9.98833],[33.99951,9.99975],[33.99237,10.04211],[33.9957,10.06209],[33.97095,10.09303],[33.96667,10.12681],[33.97143,10.14062],[33.96619,10.15394],[33.95097,10.16203],[33.90147,10.16155],[33.81058,10.30575],[33.79392,10.33764],[33.66781,10.44138],[33.48269,10.65791],[33.21904,10.735],[33.26568,10.82923],[33.23523,10.99722],[33.23856,11.00293],[33.13529,11.62587],[33.17517,11.74077],[33.25681,12.16581],[33.29203,12.20055],[33.29774,12.21197],[33.29583,12.21578],[33.25586,12.21435],[33.02124,12.2272],[32.73666,12.23767],[32.73381,12.23529],[32.73428,12.22863],[32.74618,12.1996],[32.73952,12.16819],[32.73904,12.15058],[32.75713,12.07016],[32.75189,12.06064],[32.75046,12.04256],[32.75903,12.01162],[32.75046,11.96023],[32.74142,11.9469],[32.10658,11.945],[32.37593,11.71229],[32.3845,11.69658],[32.39237,11.66604],[32.39345,11.21974],[32.40155,11.1744],[32.41558,11.14094],[32.47063,11.04272],[32.4404,11.02653],[32.14736,10.73727],[31.99517,10.65362],[31.97305,10.62718],[31.85756,10.40807],[31.7874,10.30175],[31.70213,10.21811],[31.51217,10.00386],[31.44795,9.92668],[31.36916,9.82361],[31.35189,9.8031],[31.32436,9.77881],[31.28875,9.76154],[31.27471,9.75831],[31.18081,9.74967],[30.89263,9.74859],[30.86133,9.73024],[30.83596,9.72431],[30.82733,9.71891],[30.52943,9.96068],[29.99677,10.2888],[29.94227,10.28772],[29.53904,10.08183],[29.53809,9.75014],[29.11692,9.74871],[29.09836,9.75394],[29.08266,9.75156],[29.07838,9.75014],[29.06981,9.73633],[29.05125,9.72967],[29.03745,9.70873],[29.02603,9.70778],[29.02032,9.70255],[29.01127,9.69065],[29.00937,9.68065],[29,9.66667]]],"crs":null},"type":"Feature","properties":{"cartographic_style":"Dashed boundary line","bdytyp_integer":3,"iso3cd":"SDN_SSD","bdy_type":"Armistice, undetermined or International administrative line"}},{"geometry":{"type":"LineString","coordinates":[[27.9142,9.61017],[27.83333,9.78333],[27.83333,10.16667],[29,10.16667],[29,9.66667]],"crs":null},"type":"Feature","properties":{"cartographic_style":"Dotted boundary line","bdytyp_integer":4,"iso3cd":"SDN_XXX","bdy_type":"Other line of separation"}},{"geometry":{"type":"LineString","coordinates":[[27.9142,9.61017],[28.03887,9.34323],[28.76858,9.34842],[28.7586,9.40315],[28.7881,9.43551],[28.79,9.4474],[28.79996,9.46445],[28.8057,9.48785],[28.83736,9.512],[28.8938,9.56787],[28.98699,9.65114],[29,9.66667]],"crs":null},"type":"Feature","properties":{"cartographic_style":"Dotted boundary line","bdytyp_integer":4,"iso3cd":"SSD_XXX","bdy_type":"Other line of separation"}},{"geometry":{"type":"LineString","coordinates":[[18.62507,3.47117],[18.62323,3.49237],[18.61498,3.50636],[18.60581,3.53447],[18.60775,3.56506],[18.60349,3.60456],[18.60465,3.6216],[18.59225,3.66963],[18.58788,3.74356],[18.59015,3.76676],[18.60155,3.79491],[18.61517,3.8179],[18.61094,3.8543],[18.61643,3.9147],[18.62261,3.9346],[18.63901,3.95072],[18.64667,3.96349],[18.65075,3.97921],[18.65212,3.99294],[18.6432,4.10756],[18.63141,4.12641],[18.61712,4.17825],[18.60477,4.20365],[18.59996,4.22286],[18.58862,4.22981],[18.57415,4.24706],[18.54437,4.30729],[18.54368,4.32307],[18.5526,4.3416],[18.56081,4.3489],[18.59035,4.35808],[18.59996,4.37043],[18.6082,4.36941],[18.62,4.35675],[18.63711,4.36103],[18.70985,4.36673],[18.73695,4.38242],[18.77217,4.41356],[18.78331,4.42592],[18.80038,4.46309],[18.81891,4.55231],[18.82852,4.57359],[18.86146,4.60379],[18.87519,4.61134],[18.88891,4.64428],[18.90401,4.6484],[18.93696,4.67791],[18.93993,4.68852],[18.93765,4.6985],[18.95507,4.70997],[18.96716,4.72458],[19.00173,4.74781],[19.00765,4.75684],[19.00697,4.76782],[19.01795,4.79596],[19.02756,4.80008],[19.05158,4.83646],[19.06393,4.87421],[19.09381,4.92439],[19.11129,4.93735],[19.13291,4.9471],[19.17032,4.94833],[19.18679,4.94284],[19.20189,4.94765],[19.21218,4.95794],[19.22111,4.99363],[19.23483,5.00599],[19.25062,5.01628],[19.28082,5.02795],[19.31328,5.05052],[19.34734,5.0644],[19.3713,5.09719],[19.39653,5.11863],[19.43044,5.13022],[19.45584,5.12953],[19.47851,5.12116],[19.51383,5.13629],[19.53271,5.14875],[19.55055,5.15218],[19.58951,5.14386],[19.61164,5.13296],[19.64501,5.14134],[19.68789,5.1426],[19.7333,5.12368],[19.80862,5.10345],[19.83042,5.09341],[19.85313,5.07197],[19.85735,5.05815],[19.87245,5.03207],[19.89853,4.99755],[19.91432,4.98746],[19.93559,4.98334],[19.95413,4.98814],[20.00972,4.97579],[20.03443,4.96206],[20.05433,4.93667],[20.08796,4.91196],[20.10649,4.90098],[20.16072,4.88176],[20.17856,4.86803],[20.19023,4.84607],[20.20882,4.82475],[20.24033,4.80077],[20.25955,4.78979],[20.30965,4.77126],[20.33917,4.76371],[20.35221,4.75478],[20.38378,4.70056],[20.39545,4.69233],[20.41946,4.65951],[20.45241,4.63261],[20.45859,4.59692],[20.44847,4.57122],[20.44721,4.55861],[20.46065,4.51456],[20.47781,4.49672],[20.50144,4.48545],[20.51762,4.47201],[20.53272,4.44867],[20.56497,4.42465],[20.58488,4.41436],[20.59655,4.4171],[20.60478,4.4123],[20.61782,4.41298],[20.6693,4.42328],[20.68303,4.41985],[20.69744,4.42671],[20.72009,4.42877],[20.76745,4.41985],[20.7846,4.42053],[20.80416,4.42365],[20.83569,4.44509],[20.86559,4.4473],[20.91707,4.43701],[20.94038,4.43626],[21.02363,4.4123],[21.04404,4.40955],[21.08042,4.39582],[21.09758,4.37935],[21.1094,4.35301],[21.14219,4.33405],[21.17651,4.30797],[21.19092,4.31209],[21.21357,4.29356],[21.22455,4.29356],[21.24171,4.30934],[21.23897,4.31964],[21.24308,4.32994],[21.25063,4.33748],[21.2774,4.34366],[21.28701,4.34229],[21.32201,4.30591],[21.34055,4.2915],[21.35633,4.28395],[21.39477,4.2764],[21.41948,4.27571],[21.43458,4.28189],[21.46752,4.27297],[21.47644,4.26542],[21.48811,4.2613],[21.5105,4.26094],[21.54582,4.25085],[21.566,4.25337],[21.59122,4.2786],[21.63773,4.30866],[21.64734,4.3114],[21.67321,4.29878],[21.68582,4.3013],[21.69264,4.3066],[21.70294,4.29974],[21.73123,4.31139],[21.75579,4.29562],[21.79971,4.28258],[21.82709,4.2685],[21.8561,4.24706],[21.87384,4.24895],[21.90266,4.24277],[21.93904,4.24071],[21.94522,4.23385],[21.95483,4.23247],[21.97953,4.24483],[21.99601,4.24757],[22.01179,4.23865],[22.02621,4.22355],[22.10102,4.2112],[22.1235,4.19661],[22.14242,4.17643],[22.19413,4.14742],[22.25089,4.12471],[22.27738,4.11841],[22.33094,4.12129],[22.37144,4.11579],[22.41056,4.12678],[22.43533,4.12803],[22.45751,4.13595],[22.48675,4.15629],[22.48949,4.16796],[22.50528,4.17551],[22.51283,4.19404],[22.53479,4.20433],[22.54714,4.22012],[22.55126,4.24277],[22.54097,4.25444],[22.53822,4.26336],[22.53959,4.27571],[22.57048,4.33954],[22.57734,4.34572],[22.60406,4.35554],[22.62127,4.37043],[22.62196,4.37523],[22.61715,4.38004],[22.60274,4.38827],[22.58627,4.39171],[22.58215,4.40612],[22.58215,4.41436],[22.59656,4.4322],[22.59382,4.44387],[22.59902,4.47536],[22.61372,4.49191],[22.64598,4.48917],[22.67961,4.47544],[22.69402,4.4775],[22.70294,4.48711],[22.70371,4.49807],[22.69951,4.51388],[22.70569,4.53035],[22.7302,4.55735],[22.72765,4.58663],[22.73383,4.62987],[22.76677,4.67997],[22.7756,4.70618],[22.7908,4.72664],[22.80041,4.72802],[22.81207,4.72733],[22.82353,4.72258],[22.83678,4.70262],[22.84502,4.70125],[22.86286,4.7136],[22.86768,4.73645],[22.88277,4.74861],[22.89718,4.75547],[22.89921,4.76168],[22.88551,4.77263],[22.88345,4.78086],[22.88551,4.79802],[22.89169,4.81106],[22.90679,4.82067],[22.92395,4.81587],[22.94042,4.81793],[22.94797,4.82067],[22.96376,4.8392],[22.96993,4.8392],[22.98091,4.82891],[22.98915,4.80214],[22.99601,4.79528],[23.00769,4.7579],[23.01386,4.75478],[23.03239,4.7541],[23.04818,4.74174],[23.05847,4.739],[23.07454,4.72006],[23.11238,4.71249],[23.15731,4.74037],[23.16486,4.74312],[23.17544,4.7415],[23.19574,4.72664],[23.20697,4.69862],[23.22039,4.69085],[23.23472,4.67213],[23.25238,4.67591],[23.26438,4.66899],[23.2713,4.65068],[23.2733,4.6333],[23.28896,4.63429],[23.29905,4.6305],[23.31419,4.61537],[23.33185,4.60528],[23.34698,4.61285],[23.3659,4.61158],[23.37968,4.59555],[23.41675,4.59349],[23.42567,4.59555],[23.42979,4.60104],[23.43401,4.65068],[23.45999,4.67791],[23.50212,4.67843],[23.52104,4.69357],[23.53744,4.69735],[23.54029,4.70743],[23.54646,4.71498],[23.55693,4.7186],[23.56019,4.72321],[23.565,4.73831],[23.57392,4.73831],[23.58765,4.7589],[23.59451,4.76302],[23.61373,4.75684],[23.63226,4.76508],[23.6755,4.76508],[23.70646,4.78438],[23.71874,4.78704],[23.75923,4.78292],[23.7812,4.78636],[23.79492,4.80626],[23.8061,4.81592],[23.82306,4.8241],[23.83748,4.82479],[23.85403,4.81592],[23.87248,4.81861],[23.88689,4.83577],[23.90817,4.8296],[23.91572,4.81999],[23.95746,4.80961],[23.96102,4.81999],[23.95896,4.83715],[23.95072,4.8495],[23.95415,4.85568],[23.95415,4.86529],[23.95998,4.8752],[23.96925,4.87695],[23.99328,4.86666],[24.01661,4.86391],[24.04475,4.86597],[24.04956,4.87284],[24.05162,4.88519],[24.10652,4.91676],[24.11476,4.91745],[24.13947,4.8948],[24.14976,4.89274],[24.16558,4.89916],[24.17693,4.92818],[24.19644,4.94078],[24.20536,4.94078],[24.21497,4.95382],[24.22595,4.95726],[24.24517,4.95451],[24.24173,4.94216],[24.25261,4.93196],[24.27027,4.937],[24.27784,4.95214],[24.26774,4.97106],[24.27657,4.98998],[24.29675,5.00007],[24.31567,5.00259],[24.33459,5.01268],[24.35225,5.00764],[24.36865,5.01016],[24.3742,5.02177],[24.39892,5.0316],[24.40097,5.0403],[24.38379,5.05431],[24.37145,5.05266],[24.36487,5.04674],[24.34847,5.04674],[24.3409,5.05809],[24.34469,5.06707],[24.36253,5.07188],[24.3636,5.09845],[24.37496,5.11359],[24.4044,5.10551],[24.41744,5.09384],[24.42036,5.08079],[24.44181,5.05557],[24.45316,5.06061],[24.45442,5.07701],[24.44307,5.0871],[24.44307,5.09845],[24.46617,5.10482],[24.50235,5.09341],[24.51147,5.08492],[24.53312,5.08066],[24.54304,5.07462],[24.5499,5.05266],[24.565,5.03687],[24.57461,5.03138],[24.60326,5.0316],[24.62344,5.01899],[24.63158,4.97647],[24.66109,4.97647],[24.67276,4.96412],[24.66963,4.93614],[24.65881,4.9263],[24.65857,4.92163],[24.66315,4.91608],[24.67725,4.90836],[24.68978,4.91229],[24.71436,4.91254],[24.72219,4.90579],[24.71977,4.89902],[24.72247,4.89484],[24.72985,4.89435],[24.73869,4.89853],[24.75098,4.89681],[24.75688,4.90812],[24.76696,4.91106],[24.76893,4.90812],[24.76426,4.89779],[24.77138,4.89361],[24.78146,4.89607],[24.78687,4.91156],[24.79891,4.9263],[24.81243,4.92901],[24.84684,4.92335],[24.86309,4.93827],[24.85889,4.94695],[24.86233,4.95383],[24.86946,4.95457],[24.8724,4.94916],[24.9105,4.95137],[24.91444,4.95432],[24.92009,4.97497],[24.95573,4.98751],[24.96458,4.98677],[24.98916,4.97374],[24.99751,4.95752],[25.01029,4.96071],[25.02086,4.95899],[25.04469,4.94153],[25.04667,4.93147],[25.06238,4.92565],[25.07306,4.94647],[25.07346,4.95801],[25.08231,4.96563],[25.086,4.98013],[25.09583,4.97841],[25.11623,4.98898],[25.12238,4.98726],[25.12508,4.99021],[25.12489,5.00574],[25.12115,5.01258],[25.1445,5.01823],[25.14671,5.0288],[25.1499,5.03027],[25.1531,5.03052],[25.16195,5.02118],[25.16219,5.01061],[25.16785,5.0025],[25.19144,4.99906],[25.19144,5.00766],[25.19955,5.01503],[25.22315,5.01061],[25.23863,5.01553],[25.24994,5.02782],[25.26715,5.02511],[25.3136,5.03126],[25.32663,5.04306],[25.3222,5.05362],[25.31969,5.07553],[25.3431,5.10893],[25.34209,5.13228],[25.34826,5.15194],[25.34777,5.15415],[25.34187,5.15342],[25.32737,5.14924],[25.31606,5.16251],[25.30795,5.19201],[25.32884,5.20798],[25.33154,5.22101],[25.33056,5.24116],[25.33548,5.26304],[25.34506,5.27729],[25.35342,5.28442],[25.36374,5.27926],[25.37677,5.2918],[25.37161,5.30409],[25.36423,5.30507],[25.35932,5.29819],[25.35588,5.30876],[25.35956,5.31416],[25.3878,5.31792],[25.39225,5.33211],[25.38685,5.3385],[25.39029,5.33923],[25.39889,5.33432],[25.39619,5.32424],[25.40454,5.31023],[25.42126,5.31097],[25.42347,5.31588],[25.41831,5.32282],[25.43232,5.33137],[25.43035,5.33702],[25.43453,5.34169],[25.43715,5.34215],[25.43994,5.33678],[25.44707,5.34513],[25.4596,5.34046],[25.46919,5.34415],[25.47263,5.35005],[25.47066,5.35595],[25.47861,5.36459],[25.49131,5.35595],[25.49917,5.34317],[25.51613,5.35447],[25.54047,5.35865],[25.54294,5.36459],[25.52965,5.37709],[25.52818,5.38766],[25.53162,5.39233],[25.54981,5.37905],[25.57045,5.38151],[25.57979,5.37733],[25.58127,5.36947],[25.57684,5.36185],[25.59085,5.34907],[25.59503,5.34759],[25.60167,5.35275],[25.61445,5.35374],[25.62232,5.35103],[25.61617,5.34194],[25.60339,5.33874],[25.5943,5.32522],[25.59749,5.32277],[25.61961,5.32277],[25.62355,5.30876],[25.63141,5.30409],[25.63756,5.30876],[25.63141,5.31933],[25.63559,5.32989],[25.64788,5.33211],[25.65845,5.3267],[25.65525,5.31097],[25.65869,5.30753],[25.66951,5.31613],[25.67147,5.30949],[25.67713,5.30728],[25.68303,5.30777],[25.6936,5.30212],[25.70564,5.30237],[25.71498,5.27041],[25.72555,5.26746],[25.73513,5.27213],[25.73612,5.2623],[25.74054,5.25665],[25.73981,5.24043],[25.77962,5.25763],[25.78257,5.26378],[25.7752,5.26697],[25.76905,5.26378],[25.7661,5.26894],[25.77987,5.28],[25.78389,5.27947],[25.78995,5.27459],[25.79363,5.25763],[25.79068,5.25075],[25.78061,5.24411],[25.7811,5.24092],[25.79068,5.24018],[25.80715,5.25198],[25.81575,5.25026],[25.80912,5.2419],[25.80887,5.23477],[25.80002,5.22003],[25.80469,5.2183],[25.81281,5.22396],[25.8187,5.20085],[25.82608,5.20184],[25.82829,5.19078],[25.83173,5.19692],[25.83665,5.19741],[25.84107,5.21585],[25.84476,5.2188],[25.86172,5.22666],[25.87892,5.22568],[25.88286,5.21929],[25.88187,5.21536],[25.87524,5.21167],[25.87647,5.20798],[25.89106,5.20188],[25.89416,5.20454],[25.89957,5.1689],[25.91383,5.18021],[25.91211,5.18684],[25.90252,5.19815],[25.90277,5.20454],[25.9067,5.207],[25.92243,5.20085],[25.93016,5.21071],[25.93423,5.21044],[25.94873,5.20503],[25.95512,5.19618],[25.96151,5.19815],[25.96151,5.20307],[25.95364,5.20798],[25.95709,5.21044],[25.96348,5.23281],[25.97585,5.24774],[25.98008,5.24796],[25.98632,5.22569],[25.99055,5.22792],[25.995,5.23928],[26.0048,5.2366],[26.00814,5.22658],[26.00391,5.21412],[26.00862,5.21062],[26.02612,5.21273],[26.03664,5.20944],[26.04399,5.22414],[26.04844,5.22592],[26.04955,5.21924],[26.04621,5.20989],[26.06046,5.19474],[26.0667,5.20944],[26.06514,5.21879],[26.07716,5.22124],[26.08986,5.20944],[26.09275,5.21189],[26.09631,5.2346],[26.08718,5.23994],[26.08741,5.24373],[26.10366,5.24662],[26.10878,5.23594],[26.11568,5.2395],[26.11479,5.24618],[26.12348,5.24751],[26.12615,5.25375],[26.13283,5.25753],[26.12815,5.26733],[26.1393,5.26603],[26.14663,5.25998],[26.15754,5.26199],[26.16133,5.25753],[26.15599,5.25175],[26.15554,5.24195],[26.15846,5.2372],[26.16511,5.23616],[26.1807,5.24796],[26.18538,5.24796],[26.18694,5.23371],[26.18248,5.22837],[26.18604,5.22369],[26.19384,5.22881],[26.19762,5.24328],[26.20408,5.24507],[26.20853,5.23749],[26.20831,5.22369],[26.21633,5.22146],[26.21677,5.21879],[26.20631,5.21634],[26.21276,5.21078],[26.21455,5.20365],[26.21833,5.20343],[26.22234,5.21122],[26.22724,5.20944],[26.23436,5.21389],[26.23525,5.21078],[26.22924,5.20365],[26.23481,5.18851],[26.24802,5.20314],[26.25106,5.19229],[26.25819,5.19029],[26.24802,5.17666],[26.27711,5.17626],[26.28468,5.17181],[26.27703,5.16656],[26.28179,5.1629],[26.29381,5.16335],[26.2976,5.15266],[26.29604,5.14197],[26.30829,5.15066],[26.30784,5.1589],[26.31563,5.15311],[26.32187,5.14042],[26.32565,5.154],[26.33923,5.14888],[26.34992,5.15934],[26.36406,5.1426],[26.38443,5.15199],[26.39267,5.14042],[26.39,5.1324],[26.39445,5.1295],[26.39433,5.12494],[26.40492,5.13663],[26.41325,5.13503],[26.41071,5.12572],[26.42073,5.1255],[26.41739,5.11637],[26.42897,5.11436],[26.43476,5.11681],[26.4401,5.10746],[26.43469,5.09971],[26.43565,5.09633],[26.44099,5.09477],[26.447,5.10034],[26.4519,5.09677],[26.45569,5.07651],[26.45146,5.07184],[26.45569,5.06627],[26.46029,5.06111],[26.46615,5.06471],[26.46481,5.06939],[26.47239,5.06182],[26.47907,5.06516],[26.48218,5.06226],[26.47862,5.05848],[26.48062,5.04957],[26.48641,5.04926],[26.48886,5.05937],[26.49265,5.05981],[26.50028,5.05557],[26.50044,5.04801],[26.50935,5.05068],[26.51308,5.05619],[26.51514,5.04935],[26.52332,5.04849],[26.52093,5.05358],[26.53033,5.06324],[26.52983,5.07139],[26.53807,5.07406],[26.54876,5.07206],[26.55566,5.08007],[26.56335,5.06818],[26.57236,5.08386],[26.58023,5.08194],[26.58149,5.08787],[26.58906,5.08653],[26.5895,5.07985],[26.59284,5.07918],[26.59886,5.08586],[26.61444,5.09366],[26.61736,5.08788],[26.61244,5.08163],[26.62112,5.0803],[26.62068,5.06916],[26.62513,5.07451],[26.62758,5.07095],[26.63025,5.07228],[26.62758,5.0843],[26.63715,5.08556],[26.63938,5.09277],[26.65229,5.08341],[26.67011,5.08186],[26.67389,5.08854],[26.6779,5.08898],[26.67879,5.10212],[26.68658,5.099],[26.68525,5.09321],[26.68881,5.09299],[26.70461,5.09845],[26.70662,5.10679],[26.71419,5.10412],[26.71954,5.09677],[26.72154,5.10724],[26.72889,5.10078],[26.74448,5.10673],[26.7536,5.10507],[26.75484,5.10797],[26.76065,5.10341],[26.76728,5.10756],[26.77018,5.10466],[26.76686,5.10051],[26.76686,5.08766],[26.7719,5.09028],[26.77801,5.08583],[26.78079,5.08889],[26.78274,5.08389],[26.78552,5.08417],[26.7858,5.08111],[26.7794,5.07611],[26.78691,5.07277],[26.78969,5.06138],[26.80208,5.05647],[26.80192,5.04998],[26.82096,5.05028],[26.8218,5.05966],[26.82446,5.06092],[26.84583,5.05276],[26.84639,5.04525],[26.8525,5.03886],[26.8652,5.04118],[26.8708,5.04986],[26.8694,5.0619],[26.88635,5.08528],[26.89993,5.09564],[26.91253,5.11958],[26.92191,5.12294],[26.92787,5.1426],[26.93661,5.14212],[26.95215,5.15193],[26.96265,5.15305],[26.96607,5.15885],[27.02751,5.18801],[27.07564,5.20527],[27.09412,5.20894],[27.14694,5.20259],[27.15376,5.19687],[27.18443,5.18609],[27.21607,5.16033],[27.22629,5.15753],[27.23287,5.15137],[27.26017,5.15095],[27.26619,5.14478],[27.29265,5.13288],[27.30358,5.12966],[27.32014,5.12999],[27.33368,5.1193],[27.36238,5.10446],[27.37736,5.09956],[27.38478,5.10026],[27.3922,5.09452],[27.4258,5.0829],[27.43897,5.07338],[27.44788,5.05963],[27.44168,5.04388],[27.44361,5.01944]],"crs":null},"type":"Feature","properties":{"cartographic_style":"International boundary line","bdytyp_integer":1,"iso3cd":"CAF_COD","bdy_type":"International boundary"}},{"geometry":{"type":"LineString","coordinates":[[24.22336,8.64215],[24.23949,8.66225],[24.26384,8.68163],[24.26466,8.69121],[24.2532,8.69904],[24.22999,8.69976],[24.1977,8.68504],[24.16616,8.70291],[24.14262,8.68124],[24.1336,8.68647],[24.11586,8.69034],[24.05187,8.69375],[24.01157,8.66842],[24.00112,8.66652],[23.98403,8.63851],[23.96931,8.63756],[23.96435,8.65459],[23.96599,8.69834],[23.94661,8.71548],[23.90598,8.72032],[23.8702,8.71839],[23.85472,8.72999],[23.77928,8.70678],[23.73286,8.71355],[23.71545,8.72806],[23.67773,8.72516],[23.62553,8.75484],[23.59282,8.73917],[23.54545,8.70038],[23.52685,8.69807],[23.51799,8.70382],[23.51347,8.71353],[23.52392,8.73585],[23.52008,8.75611],[23.50683,8.77716],[23.49783,8.8093],[23.5244,8.84364],[23.58972,8.97469],[23.58232,9.02882],[23.57714,9.03465],[23.56903,9.03119],[23.56001,9.01267],[23.55194,9.00365],[23.55004,8.98656],[23.53959,8.95664],[23.50944,8.94954],[23.45141,8.97856],[23.45982,9.0008],[23.46029,9.02549],[23.46647,9.05114],[23.46167,9.08278],[23.48166,9.17317],[23.53153,9.17905],[23.5497,9.20454],[23.5725,9.21125],[23.58565,9.20783],[23.59437,9.20923],[23.59519,9.21922],[23.60797,9.22266],[23.61334,9.24987],[23.63901,9.2508],[23.65973,9.2904],[23.65192,9.29452],[23.63839,9.32175],[23.63885,9.3787],[23.64679,9.38305],[23.64819,9.40095],[23.65815,9.40659],[23.66995,9.43516],[23.67181,9.45007],[23.66249,9.46249],[23.64014,9.4482],[23.63144,9.48174],[23.63234,9.49468],[23.64048,9.51614],[23.64147,9.52822],[23.64738,9.53784],[23.63765,9.54446],[23.63185,9.54129],[23.62523,9.54455],[23.63028,9.55917],[23.69896,9.67793],[23.67228,9.89967],[23.31766,10.46529],[23.26924,10.49336],[23.2332,10.53517],[23.21092,10.55113],[23.19578,10.55801],[23.18258,10.57506],[23.16992,10.58442],[23.15067,10.59377],[23.13223,10.62898],[23.11738,10.64714],[23.1083,10.65374],[23.08794,10.66117],[23.05644,10.68664],[23.03852,10.69687],[23.01669,10.70767],[23.00843,10.70794],[22.98595,10.76155],[22.96909,10.77617],[22.9358,10.82569],[22.92205,10.851],[22.90912,10.88676],[22.87875,10.91052],[22.87363,10.9228],[22.87551,10.93137]],"crs":null},"type":"Feature","properties":{"cartographic_style":"International boundary line","bdytyp_integer":1,"iso3cd":"CAF_SDN","bdy_type":"International boundary"}},{"geometry":{"type":"LineString","coordinates":[[27.44361,5.01944],[27.45069,5.02469],[27.45442,5.03911],[27.455,5.07329],[27.4492,5.08169],[27.43579,5.08799],[27.40604,5.12022],[27.40025,5.14716],[27.3959,5.15411],[27.35998,5.17903],[27.35332,5.19351],[27.32493,5.19988],[27.30089,5.22914],[27.29857,5.25318],[27.29307,5.26506],[27.28467,5.26998],[27.27424,5.28244],[27.26091,5.31199],[27.24933,5.32792],[27.24643,5.34907],[27.25541,5.35631],[27.25686,5.36355],[27.23948,5.38643],[27.23252,5.42438],[27.23629,5.44524],[27.25448,5.48179],[27.25966,5.5068],[27.27887,5.53591],[27.2725,5.5698],[27.2838,5.58284],[27.28206,5.59008],[27.267,5.59964],[27.2586,5.60109],[27.24208,5.58776],[27.23861,5.5895],[27.23716,5.60543],[27.23137,5.61007],[27.23658,5.6231],[27.23745,5.64396],[27.21427,5.67235],[27.21891,5.68625],[27.18678,5.72888],[27.14765,5.74708],[27.14504,5.75635],[27.15518,5.75693],[27.16387,5.76302],[27.15895,5.76939],[27.15055,5.77374],[27.1349,5.77113],[27.13027,5.77837],[27.12129,5.77605],[27.11868,5.79314],[27.10796,5.78677],[27.10536,5.80125],[27.08218,5.79836],[27.07262,5.78735],[27.06248,5.79575],[27.05263,5.79025],[27.04742,5.79662],[27.04742,5.80994],[27.0312,5.81284],[27.02656,5.81661],[27.02338,5.82211],[27.0254,5.83833],[27.01729,5.84847],[27.009,5.84913],[26.99122,5.85745],[26.98181,5.86596],[26.95591,5.86466],[26.93973,5.87243],[26.92691,5.88526],[26.90671,5.8925],[26.87628,5.89703],[26.86463,5.90351],[26.85233,5.92681],[26.8478,5.9786],[26.84391,5.98572],[26.81931,5.99155],[26.80507,6.00515],[26.78436,6.00968],[26.75393,6.0045],[26.72785,6.00844],[26.69825,6.00385],[26.69049,5.99543],[26.67948,5.99155],[26.67042,5.9922],[26.66135,5.99608],[26.64778,6.00944],[26.61151,6.02392],[26.57472,6.02697],[26.5548,6.03784],[26.55361,6.06003],[26.5445,6.05924],[26.53697,6.06676],[26.54093,6.07231],[26.53895,6.08182],[26.53142,6.08618],[26.53142,6.10202],[26.51597,6.1147],[26.48349,6.10123],[26.4514,6.07073],[26.44348,6.0842],[26.45709,6.11145],[26.49339,6.146],[26.51962,6.16132],[26.52959,6.18126],[26.5334,6.1967],[26.53292,6.23397],[26.51725,6.23539],[26.50171,6.21572],[26.49193,6.21995],[26.4808,6.22023],[26.47572,6.21632],[26.4724,6.23989],[26.48503,6.26869],[26.47834,6.27752],[26.43634,6.30604],[26.39356,6.30446],[26.37811,6.32862],[26.36266,6.33576],[26.36028,6.34804],[26.35117,6.35715],[26.35138,6.36437],[26.33612,6.38211],[26.30839,6.38052],[26.2965,6.40786],[26.31155,6.41855],[26.31512,6.434],[26.30363,6.44628],[26.30165,6.45777],[26.28462,6.45896],[26.29016,6.47718],[26.30046,6.48867],[26.32304,6.49937],[26.31998,6.50924],[26.32978,6.5164],[26.32859,6.53383],[26.33691,6.54057],[26.34998,6.54295],[26.35434,6.58375],[26.3793,6.58137],[26.39594,6.59009],[26.38484,6.60554],[26.40228,6.62218],[26.41218,6.63723],[26.41218,6.65387],[26.36226,6.68636],[26.36266,6.69428],[26.33889,6.69269],[26.32067,6.70458],[26.30007,6.70775],[26.27471,6.70022],[26.26005,6.70814],[26.2553,6.71369],[26.2609,6.73353],[26.25703,6.74006],[26.24064,6.74023],[26.20737,6.74736],[26.20697,6.75964],[26.19192,6.76598],[26.1729,6.7949],[26.17765,6.80104],[26.17132,6.81293],[26.14913,6.82006],[26.13075,6.82006],[26.11745,6.81216],[26.10795,6.81136],[26.09655,6.82466],[26.06996,6.82988],[26.08495,6.90048],[26.06132,6.90142],[26.05564,6.92266],[26.03623,6.92702],[26.04851,6.94723],[26.03689,6.97327],[26.04541,6.97684],[26.04812,6.9842],[26.04527,6.99655],[26.03862,7.00509],[26.00016,7.00794],[25.98829,7.01791],[25.98354,7.03976],[25.97119,7.04213],[25.9617,7.03501],[25.95125,7.04023],[25.94223,7.04023],[25.93653,7.04545],[25.93321,7.0635],[25.90187,7.06825],[25.90092,7.07489],[25.90662,7.08344],[25.89712,7.09246],[25.86816,7.08012],[25.85594,7.09318],[25.86673,7.09863],[25.85741,7.10598],[25.83777,7.10813],[25.82542,7.11953],[25.8221,7.13282],[25.83159,7.14564],[25.82115,7.15466],[25.78743,7.15134],[25.75603,7.17575],[25.71534,7.18413],[25.69531,7.19607],[25.6806,7.19265],[25.66265,7.20043],[25.64309,7.21829],[25.61982,7.21924],[25.58799,7.24344],[25.58041,7.23918],[25.57281,7.24203],[25.57139,7.2539],[25.56523,7.26151],[25.54955,7.25723],[25.53672,7.28002],[25.50966,7.29142],[25.50016,7.30519],[25.44936,7.30566],[25.43559,7.31326],[25.41327,7.34127],[25.39722,7.34833],[25.39509,7.33445],[25.39048,7.32893],[25.35579,7.34789],[25.34489,7.37546],[25.34394,7.3935],[25.32968,7.40205],[25.33635,7.41297],[25.3335,7.42769],[25.31118,7.42959],[25.28886,7.45333],[25.28269,7.47138],[25.25278,7.48277],[25.23141,7.4842],[25.20244,7.49274],[25.18535,7.52978],[25.19636,7.53456],[25.19247,7.54735],[25.18155,7.55732],[25.18148,7.57007],[25.16588,7.57869],[25.19527,7.60563],[25.23093,7.63187],[25.26417,7.64042],[25.28647,7.65547],[25.29599,7.67935],[25.28032,7.70594],[25.27842,7.73871],[25.28519,7.75894],[25.28364,7.79521],[25.26688,7.79626],[25.25357,7.81126],[25.23663,7.85599],[25.22381,7.86833],[25.21859,7.88163],[25.20773,7.87883],[25.19938,7.88263],[25.19485,7.89208],[25.16826,7.91439],[25.08472,7.89486],[25.03815,7.94716],[25.00634,7.96425],[24.99182,7.96318],[24.979,7.95762],[24.96811,7.98205],[24.96218,8.00841],[24.93986,8.03832],[24.92514,8.0388],[24.90122,8.05103],[24.88864,8.1197],[24.85866,8.17483],[24.83445,8.1689],[24.80359,8.1727],[24.79077,8.18267],[24.77,8.18516],[24.76228,8.18077],[24.75041,8.16653],[24.74993,8.18315],[24.72904,8.20926],[24.6836,8.20771],[24.64499,8.22161],[24.59229,8.21449],[24.55952,8.20166],[24.5505,8.21211],[24.53863,8.20831],[24.51489,8.22921],[24.49542,8.2349],[24.48593,8.25675],[24.48213,8.28381],[24.41859,8.27735],[24.39713,8.27146],[24.38431,8.26007],[24.3601,8.25105],[24.34205,8.26197],[24.28697,8.27099],[24.25224,8.28509],[24.22904,8.29046],[24.20291,8.3054],[24.19533,8.32037],[24.18066,8.33441],[24.17246,8.35218],[24.15639,8.36928],[24.15394,8.37393],[24.15497,8.3859],[24.1507,8.39635],[24.16637,8.42389],[24.16417,8.44528],[24.17111,8.45807],[24.16229,8.48046],[24.17099,8.48723],[24.18188,8.48736],[24.20388,8.50037],[24.21645,8.53559],[24.23379,8.56586],[24.2561,8.57621],[24.25514,8.59265],[24.22999,8.62263],[24.22336,8.64215]],"crs":null},"type":"Feature","properties":{"cartographic_style":"International boundary line","bdytyp_integer":1,"iso3cd":"CAF_SSD","bdy_type":"International boundary"}},{"geometry":{"type":"LineString","coordinates":[[22.87551,10.93137],[22.81739,10.93445],[22.77567,10.94528],[22.7687,10.94409],[22.76122,10.94957],[22.75603,10.96196],[22.74458,10.9711],[22.73432,10.97449],[22.71083,10.97161],[22.68291,10.9802],[22.65577,10.97948],[22.61227,10.99704],[22.56869,10.98419],[22.52068,11.00757],[22.50904,11.00727],[22.4972,11.00306],[22.49398,10.99729],[22.47696,11.00064],[22.46859,10.99921],[22.45656,10.98787],[22.44283,10.98848],[22.42432,10.97066],[22.40244,10.97075],[22.38435,10.9619],[22.37662,10.96944],[22.37018,10.95836],[22.3269,10.95578],[22.29819,10.93582],[22.26561,10.92302],[22.24527,10.92547],[22.23628,10.91757],[22.22237,10.91282],[22.19554,10.90856],[22.18275,10.90008],[22.17468,10.88381],[22.15873,10.88069],[22.1518,10.87602],[22.11684,10.88305],[22.105,10.88066],[22.08162,10.89497],[22.07416,10.89583],[22.06003,10.8886],[22.04862,10.8892],[22.0361,10.88313],[22.01654,10.88505],[22.00175,10.87344],[21.98941,10.8738],[21.98252,10.86363],[21.96221,10.87129],[21.96347,10.86026],[21.96023,10.85817],[21.95279,10.85719],[21.94455,10.86908],[21.94152,10.86929],[21.94303,10.85574],[21.94004,10.85226],[21.93398,10.85336],[21.92102,10.87188],[21.91264,10.8725],[21.90851,10.86603],[21.89923,10.86274],[21.8873,10.87023],[21.88079,10.86995],[21.86517,10.8466],[21.85658,10.84469],[21.84443,10.84753],[21.84171,10.83775],[21.83262,10.83948],[21.8193,10.82439],[21.81412,10.81031],[21.78849,10.79461],[21.7908,10.77671],[21.78435,10.75204],[21.78971,10.73187],[21.78633,10.72218],[21.78684,10.70823],[21.78317,10.70338],[21.78883,10.69469],[21.78859,10.6694],[21.78078,10.65922],[21.77037,10.65384],[21.75861,10.64224],[21.74882,10.64561],[21.74059,10.65588],[21.73363,10.65398],[21.73332,10.61168],[21.72695,10.59714],[21.73292,10.55421],[21.7298,10.53924],[21.7213,10.52882],[21.71754,10.50787],[21.73269,10.47789],[21.75085,10.46386],[21.75145,10.45261],[21.75853,10.44395],[21.75409,10.42689],[21.75811,10.42027],[21.77045,10.41789],[21.77099,10.41169],[21.76663,10.40402],[21.74294,10.3817],[21.7408,10.35433],[21.728,10.35671],[21.72314,10.34706],[21.72962,10.33006],[21.73738,10.32025],[21.72826,10.30177],[21.71949,10.29572],[21.70551,10.27629],[21.67647,10.2781],[21.67561,10.2712],[21.68264,10.26437],[21.67526,10.25901],[21.66367,10.25707],[21.66069,10.25314],[21.67379,10.24199],[21.67569,10.23764],[21.67271,10.23371],[21.64949,10.23396],[21.6368,10.22672],[21.62236,10.23141],[21.61088,10.2182],[21.59747,10.21303],[21.57911,10.21515],[21.56129,10.21039],[21.55382,10.21423],[21.54394,10.22792],[21.53675,10.22694],[21.52294,10.21555],[21.51012,10.18985],[21.49384,10.18701],[21.48763,10.16463],[21.48115,10.1634],[21.46808,10.15221],[21.47166,10.14375],[21.46898,10.13613],[21.46212,10.12846],[21.45012,10.12371],[21.44833,10.11863],[21.45475,10.10676],[21.45252,10.09984],[21.45501,10.087],[21.45344,10.08308],[21.4414,10.08085],[21.4378,10.07322],[21.43749,10.05935],[21.43203,10.04873],[21.42042,10.05022],[21.40776,10.04113],[21.40365,10.03442],[21.40448,10.02133],[21.39599,10.01297],[21.39379,10.00123],[21.37726,9.98521],[21.36915,9.98444],[21.36238,9.98897],[21.35469,9.97027],[21.34755,9.9656],[21.34061,9.9637],[21.33009,9.97186],[21.32081,9.97222],[21.31696,9.98529],[21.30948,9.99004],[21.30479,9.97344],[21.29789,9.96809],[21.28263,9.98562],[21.26283,9.99369],[21.25405,9.99038],[21.24935,9.97493],[21.2425,9.96544],[21.234,9.95777],[21.21483,9.95136],[21.21175,9.9357],[21.20276,9.93077],[21.20073,9.92639],[21.2044,9.90873],[21.19898,9.89534],[21.19011,9.89001],[21.18383,9.89176],[21.13307,9.8479],[21.11742,9.81869],[21.11808,9.80133],[21.11531,9.79194],[21.09254,9.77676],[21.07421,9.77862],[21.06324,9.7654],[21.03924,9.77662],[21.03047,9.774],[21.02542,9.76934],[21.02485,9.75854],[21.03854,9.73755],[21.03053,9.7285],[21.01033,9.73217],[20.99499,9.74705],[20.99153,9.73495],[20.99302,9.72715],[21.00439,9.70568],[21.00188,9.70198],[20.98081,9.70128],[20.97218,9.706],[20.96782,9.70227],[20.96973,9.6977],[20.98761,9.694],[20.99861,9.68494],[20.98147,9.66544],[20.98106,9.66107],[20.99364,9.65478],[20.99624,9.65021],[20.99375,9.64559],[20.98241,9.64454],[20.97519,9.6479],[20.97033,9.64716],[20.96715,9.64253],[20.97186,9.63569],[20.9874,9.63426],[20.99073,9.62671],[20.98802,9.62071],[20.97833,9.61715],[20.96094,9.61924],[20.95148,9.61638],[20.9553,9.58678],[20.95159,9.5679],[20.94424,9.56345],[20.93674,9.57071],[20.92747,9.57107],[20.92444,9.5538],[20.91945,9.54501],[20.92191,9.53333],[20.91529,9.52543],[20.89928,9.528],[20.8745,9.5231],[20.87652,9.5151],[20.86399,9.49886],[20.86644,9.48741],[20.85539,9.48245],[20.84956,9.4856],[20.84472,9.48439],[20.82693,9.46281],[20.82476,9.45107],[20.82733,9.43042],[20.81741,9.428],[20.80403,9.44301],[20.79824,9.4434],[20.78036,9.42939],[20.76811,9.42809],[20.76814,9.40788],[20.76081,9.40113],[20.74811,9.39936],[20.74044,9.40225],[20.72894,9.3966],[20.71289,9.40237],[20.70535,9.39538],[20.69188,9.39912],[20.66689,9.39835],[20.66277,9.3953],[20.65202,9.36737],[20.64772,9.34228],[20.63039,9.34091],[20.62353,9.33462],[20.62847,9.32848],[20.64057,9.32312],[20.63786,9.3178],[20.60433,9.31646],[20.58085,9.3428],[20.57578,9.34136],[20.56737,9.33022],[20.56066,9.32967],[20.54853,9.33733],[20.54072,9.33332],[20.53465,9.33737],[20.52864,9.33707],[20.52477,9.33196],[20.52749,9.31913],[20.52394,9.3076],[20.50827,9.30326],[20.49578,9.3071],[20.49123,9.29683],[20.49805,9.27211],[20.4703,9.22121],[20.45593,9.17347],[20.44386,9.15952],[20.43423,9.15388],[20.39289,9.15056],[20.3532,9.1282],[20.34627,9.12764],[20.33672,9.13325],[20.32457,9.1255],[20.30336,9.12154],[20.26241,9.12448],[20.24771,9.13227],[20.23869,9.1459],[20.22125,9.1518],[20.2074,9.15064],[20.19119,9.13911],[20.14748,9.14068],[20.13064,9.13814],[20.11739,9.14254],[20.10891,9.15321],[20.10146,9.15655],[20.08146,9.13328],[20.0713,9.13244],[20.05265,9.1425],[20.04691,9.14035],[20.03576,9.12824],[20.01244,9.12606],[20.01128,9.11157],[20.00709,9.1029],[19.99789,9.1164],[19.98716,9.09645],[19.98031,9.09196],[19.93943,9.08708],[19.93271,9.07934],[19.92714,9.0608],[19.90494,9.06831],[19.88619,9.06103],[19.87167,9.0658],[19.86453,9.06454],[19.84945,9.05374],[19.84197,9.04397],[19.83271,9.04498],[19.82246,9.06434],[19.80432,9.05671],[19.78003,9.05862],[19.7596,9.04934],[19.72146,9.04447],[19.7019,9.02753],[19.68361,9.02925],[19.67199,9.02076],[19.64697,9.02395],[19.63137,9.01836],[19.61444,9.02148],[19.602,9.0194],[19.57762,9.03995],[19.55436,9.0352],[19.53523,9.01858],[19.52302,9.0163],[19.51464,9.01984],[19.51189,9.03151],[19.50676,9.03417],[19.49894,9.03197],[19.49728,9.02115],[19.4941,9.01834],[19.48828,9.02054],[19.47914,9.01442],[19.47376,9.01823],[19.45921,9.01775],[19.45815,9.02554],[19.45076,9.02496],[19.4391,9.03119],[19.43156,9.02578],[19.40106,9.02599],[19.39567,9.01829],[19.37904,9.01796],[19.36574,9.0131],[19.33786,9.02034],[19.30924,9.0078],[19.27506,9.01183],[19.25267,9.02588],[19.23551,9.02879],[19.22537,9.027],[19.21836,9.03147],[19.19242,9.02159],[19.17503,9.02449],[19.16986,9.01705],[19.13519,9.00448],[19.10461,9.00852],[19.09562,9.0196],[19.09167,9.02045],[19.07768,9.01491],[19.07604,9.00386],[19.06655,9.0046],[19.05863,8.99573],[19.05073,8.99765],[19.04317,8.9943],[19.02832,8.99724],[19.01874,8.99085],[19.00974,8.97806],[18.99273,8.97924],[18.98377,8.96835],[18.97594,8.94151],[18.96851,8.9403],[18.96035,8.92762],[18.94309,8.93101],[18.93304,8.92641],[18.92263,8.92595],[18.91169,8.91264],[18.90533,8.89784],[18.88899,8.90097],[18.88661,8.89804],[18.89266,8.88963],[18.8823,8.88113],[18.8683,8.8757],[18.86566,8.87139],[18.86729,8.8617],[18.86246,8.85262],[18.87445,8.84108],[18.87907,8.8412],[18.88855,8.85133],[18.90078,8.85059],[18.90625,8.84679],[18.90972,8.80694],[18.92298,8.80043],[18.94267,8.81262],[18.9523,8.80918],[18.96036,8.78807],[18.99713,8.76929],[19.01447,8.76571],[19.01963,8.76144],[19.03329,8.73551],[19.04175,8.7274],[19.05952,8.71579],[19.08224,8.71047],[19.10509,8.69872],[19.10902,8.6857],[19.12145,8.67536],[19.12222,8.67125],[19.11334,8.66465],[19.10048,8.66097],[19.09396,8.6519],[19.08362,8.64918],[19.07778,8.64081],[19.06584,8.63738],[19.06345,8.61736],[19.04606,8.59706],[19.04647,8.57549],[19.04226,8.55428],[19.03313,8.54907],[19.02906,8.53246],[19.0227,8.52729],[19.016,8.52762],[19.01401,8.52323],[19.00822,8.52403],[19,8.51581],[18.98955,8.51297],[18.99733,8.49992],[18.98854,8.48932],[18.9729,8.48164],[18.97042,8.46423],[18.95716,8.45994],[18.93239,8.43662],[18.93029,8.42586],[18.92172,8.42422],[18.92308,8.41293],[18.91738,8.4064],[18.92739,8.39973],[18.92361,8.39615],[18.92394,8.39039],[18.9081,8.38409],[18.91024,8.37692],[18.90327,8.37432],[18.89957,8.36407],[18.88508,8.36624],[18.88764,8.35699],[18.87673,8.35425],[18.87337,8.34835],[18.8762,8.34117],[18.8505,8.34726],[18.85712,8.32391],[18.85094,8.30544],[18.84011,8.29626],[18.83718,8.28897],[18.82387,8.28108],[18.80442,8.26071],[18.79702,8.25968],[18.77423,8.2474],[18.71058,8.2316],[18.68969,8.22227],[18.66662,8.20585],[18.6577,8.19495],[18.65779,8.18554],[18.65283,8.17688],[18.6281,8.14119],[18.63705,8.09099],[18.63509,8.08322],[18.62435,8.0735],[18.6246,8.05972],[18.61341,8.05024],[18.6016,8.04674],[18.27432,8.02403],[18.27037,8.02111],[18.03198,8.0093],[18,7.98591],[17.99565,7.99278],[17.94491,7.9628],[17.92164,7.95861],[17.73317,7.97838],[17.71634,7.97859],[17.70338,7.96949],[17.69401,7.98171],[17.67167,7.98277],[17.65826,7.97413],[17.65888,7.96242],[17.64888,7.94573],[17.64541,7.94346],[17.63321,7.94537],[17.61652,7.92688],[17.61007,7.92601],[17.60135,7.93271],[17.59651,7.93274],[17.58518,7.92386],[17.57866,7.91243],[17.56942,7.90812],[17.56167,7.92263],[17.54716,7.92134],[17.53853,7.90395],[17.53682,7.88721],[17.53083,7.88678],[17.52694,7.8914],[17.52349,7.89096],[17.51507,7.86875],[17.51114,7.86762],[17.47674,7.89284],[17.46777,7.89405],[17.45965,7.88377],[17.44905,7.88337],[17.44717,7.87765],[17.44936,7.86908],[17.44572,7.86618],[17.43882,7.8676],[17.43312,7.87727],[17.42114,7.8755],[17.41811,7.87139],[17.42429,7.86309],[17.42357,7.8585],[17.40887,7.86617],[17.40445,7.85793],[17.40299,7.84302],[17.39838,7.84374],[17.39359,7.85088],[17.37629,7.84662],[17.36871,7.84965],[17.35921,7.84029],[17.3454,7.84106],[17.33284,7.82048],[17.3147,7.82839],[17.3087,7.82773],[17.30454,7.82363],[17.30423,7.8094],[17.30098,7.80551],[17.28393,7.80354],[17.28156,7.79139],[17.27419,7.79098],[17.2707,7.78526],[17.26471,7.78415],[17.26942,7.76163],[17.26266,7.74697],[17.2546,7.74633],[17.24408,7.75947],[17.23788,7.76387],[17.23258,7.76344],[17.22537,7.74994],[17.21704,7.74218],[17.21857,7.72656],[17.16918,7.70687],[17.1657,7.70276],[17.17415,7.68848],[17.16283,7.68119],[17.16045,7.66675],[17.13924,7.66182],[17.13211,7.66323],[17.12591,7.6674],[17.11566,7.68765],[17.09127,7.69215],[17.08733,7.68643],[17.09183,7.66828],[17.09064,7.66048],[17.06734,7.65142],[17.04917,7.65519],[17.04408,7.6504],[17.04032,7.63504],[17.00532,7.63477],[16.99356,7.63185],[16.98713,7.63556],[16.97512,7.62782],[16.96341,7.63545],[16.95697,7.63595],[16.92835,7.62278],[16.92464,7.61775],[16.92689,7.60603],[16.92251,7.6056],[16.90092,7.6165],[16.89813,7.61032],[16.90566,7.59719],[16.89564,7.57452],[16.90736,7.5694],[16.91008,7.56158],[16.908,7.55815],[16.89598,7.55018],[16.88359,7.55759],[16.87414,7.55626],[16.86974,7.55147],[16.86784,7.53862],[16.85078,7.53526],[16.84385,7.52979],[16.81487,7.53568],[16.80965,7.55017],[16.79635,7.56172],[16.79758,7.57732],[16.79393,7.58538],[16.7747,7.6066],[16.73868,7.63318],[16.72678,7.65023],[16.69017,7.65087],[16.68512,7.65319],[16.67918,7.66333],[16.66723,7.66866],[16.66536,7.70931],[16.67029,7.72971],[16.66803,7.73822],[16.63129,7.76227],[16.61239,7.75823],[16.59448,7.76888],[16.59787,7.8049],[16.59145,7.81205],[16.59129,7.82513],[16.58373,7.83389],[16.5868,7.85155],[16.59817,7.87031],[16.59592,7.88019],[16.57744,7.86995],[16.56362,7.86841],[16.56056,7.85466],[16.54214,7.8559],[16.53035,7.84631],[16.51883,7.84568],[16.51605,7.84294],[16.51414,7.82734],[16.50881,7.8191],[16.49563,7.80861],[16.49466,7.79714],[16.4891,7.79028],[16.45983,7.7849],[16.45411,7.79251],[16.45736,7.79869],[16.4553,7.80237],[16.43896,7.8052],[16.42388,7.77934],[16.41464,7.7741],[16.41254,7.76791],[16.42034,7.75984],[16.42627,7.74673],[16.4168,7.74058],[16.41743,7.72772],[16.43052,7.71871],[16.40665,7.68577],[16.39465,7.67824],[16.39277,7.67114],[16.38471,7.67118],[16.37548,7.66594],[16.36097,7.6644],[16.35407,7.66696],[16.3476,7.66102],[16.34138,7.66196],[16.31186,7.65108],[16.30151,7.65181],[16.28646,7.6326],[16.26178,7.62353],[16.25115,7.61324],[16.23546,7.60665],[16.20419,7.61506],[16.18553,7.61445],[16.16358,7.59458],[16.13963,7.59491],[16.13133,7.59081],[16.10462,7.59162],[16.06614,7.58191],[16.04928,7.57073],[16.04326,7.55997],[16.03901,7.53381],[16.02701,7.52994],[16.01754,7.5199],[16.01035,7.50569],[15.99003,7.49039],[15.98105,7.48928],[15.97481,7.48334],[15.9511,7.48366],[15.93105,7.4787],[15.90937,7.46707],[15.86396,7.45302],[15.84577,7.45218],[15.83401,7.44557],[15.81675,7.4454],[15.80959,7.44107],[15.79997,7.45488],[15.78529,7.46189],[15.77353,7.46279],[15.76638,7.45777],[15.75903,7.46377],[15.75539,7.47457],[15.74297,7.47853],[15.72764,7.50499],[15.72795,7.51913],[15.54655,7.5112],[15.49579,7.53234]],"crs":null},"type":"Feature","properties":{"cartographic_style":"International boundary line","bdytyp_integer":1,"iso3cd":"CAF_TCD","bdy_type":"International boundary"}},{"geometry":{"type":"LineString","coordinates":[[30.86298,3.4862],[30.85027,3.48938],[30.84614,3.51007],[30.86244,3.55375],[30.86213,3.56482],[30.85752,3.56913],[30.80676,3.58389],[30.79784,3.59497],[30.79108,3.60389],[30.78502,3.62824],[30.78708,3.63957],[30.78502,3.65911],[30.77576,3.67352],[30.76493,3.67433],[30.75723,3.66941],[30.74371,3.63219],[30.72187,3.62111],[30.67327,3.63865],[30.64682,3.6245],[30.63063,3.61177],[30.59391,3.59528],[30.56838,3.59281],[30.56069,3.5962],[30.55638,3.60235],[30.55915,3.61404],[30.57515,3.64418],[30.57607,3.65833],[30.58534,3.68279],[30.56682,3.78468],[30.55241,3.82174],[30.55546,3.85304],[30.55344,3.86291],[30.54592,3.86934],[30.53424,3.87242],[30.51517,3.86873],[30.49548,3.85796],[30.48448,3.85673],[30.47426,3.86011],[30.45888,3.87026],[30.44845,3.88349],[30.4361,3.88864],[30.42272,3.87835],[30.40997,3.88441],[30.40351,3.89456],[30.38567,3.91128],[30.3546,3.91517],[30.33112,3.93187],[30.29954,3.9324],[30.28274,3.95348],[30.27524,3.95701],[30.26663,3.95731],[30.22387,3.93855],[30.21895,3.94255],[30.20665,3.95332],[30.20203,3.96316],[30.20452,4.00391],[30.17158,4.04611],[30.16605,4.04682],[30.15989,4.05513],[30.15923,4.09449],[30.15306,4.10272],[30.12514,4.1145],[30.07998,4.11507],[30.05939,4.13154],[30.0467,4.15387],[30.03901,4.18986],[29.98529,4.22932],[29.95565,4.23292],[29.94335,4.24276],[29.96426,4.27875],[29.96264,4.29005],[29.94427,4.31412],[29.89598,4.34796],[29.87413,4.33842],[29.84119,4.33739],[29.82308,4.35473],[29.7997,4.36672],[29.7957,4.38333],[29.80002,4.39709],[29.79601,4.40702],[29.79632,4.4184],[29.7997,4.42424],[29.79539,4.44055],[29.80647,4.4833],[29.80554,4.49222],[29.79232,4.50914],[29.79785,4.5199],[29.82185,4.53898],[29.82523,4.55312],[29.81649,4.56383],[29.78458,4.56486],[29.76802,4.58358],[29.76002,4.58142],[29.74772,4.57158],[29.73972,4.57189],[29.73295,4.57712],[29.70927,4.61741],[29.68066,4.62602],[29.67205,4.63279],[29.66107,4.63588],[29.64975,4.6472],[29.62813,4.65132],[29.61637,4.66078],[29.61176,4.66109],[29.59515,4.64848],[29.58869,4.65002],[29.58162,4.65924],[29.57116,4.66417],[29.55916,4.65955],[29.55486,4.66632],[29.54963,4.66663],[29.53086,4.65402],[29.5244,4.65555],[29.52071,4.66786],[29.49949,4.6897],[29.48534,4.67186],[29.47642,4.66755],[29.46627,4.6694],[29.46288,4.66447],[29.46904,4.63741],[29.46688,4.61464],[29.47273,4.60449],[29.47334,4.5925],[29.44935,4.5725],[29.44258,4.56266],[29.43951,4.52513],[29.40998,4.48422],[29.39122,4.47192],[29.36784,4.46854],[29.35799,4.46115],[29.35,4.44485],[29.34262,4.40825],[29.33831,4.39994],[29.3217,4.38487],[29.30847,4.37872],[29.29463,4.37995],[29.29371,4.38395],[29.28663,4.38825],[29.27648,4.38795],[29.2651,4.39348],[29.2488,4.38733],[29.24788,4.37964],[29.25526,4.36672],[29.25034,4.36119],[29.24726,4.34519],[29.21712,4.33781],[29.20358,4.34088],[29.18974,4.36149],[29.17436,4.37072],[29.16667,4.38149],[29.15252,4.39071],[29.14575,4.4021],[29.13345,4.40825],[29.13499,4.42547],[29.11376,4.43039],[29.09869,4.42824],[29.07747,4.43039],[29.0827,4.44824],[29.08147,4.45316],[29.07562,4.45654],[29.06763,4.45408],[29.04763,4.45716],[29.04056,4.46361],[29.03748,4.48176],[29.01041,4.49345],[28.9938,4.47992],[28.97689,4.47592],[28.94859,4.47899],[28.92705,4.47315],[28.91352,4.47746],[28.90337,4.47223],[28.86953,4.48853],[28.85846,4.47776],[28.8317,4.47377],[28.80494,4.49284],[28.81017,4.5196],[28.80556,4.53498],[28.80063,4.53744],[28.78895,4.55805],[28.77818,4.55866],[28.75357,4.53805],[28.72466,4.53805],[28.71328,4.53252],[28.71297,4.52513],[28.71881,4.52206],[28.71051,4.50914],[28.69144,4.50576],[28.68959,4.50176],[28.6979,4.48576],[28.67267,4.44547],[28.66345,4.42024],[28.62715,4.41163],[28.61915,4.41655],[28.60254,4.41501],[28.59424,4.40609],[28.59208,4.38918],[28.57978,4.37534],[28.5521,4.37995],[28.51057,4.36918],[28.51088,4.36026],[28.49704,4.35288],[28.49612,4.33873],[28.48689,4.33412],[28.48873,4.31874],[28.48473,4.31043],[28.46905,4.30428],[28.4592,4.28613],[28.43859,4.28459],[28.41429,4.27352],[28.40599,4.27321],[28.39338,4.2806],[28.38569,4.2806],[28.37954,4.27567],[28.374,4.2769],[28.36723,4.28521],[28.37092,4.29905],[28.36785,4.32335],[28.35493,4.3375],[28.35308,4.3495],[28.33678,4.34611],[28.32017,4.35411],[28.29341,4.35411],[28.28295,4.35073],[28.26603,4.35473],[28.25742,4.34242],[28.25404,4.34211],[28.20236,4.34827],[28.17683,4.37657],[28.13808,4.39041],[28.13162,4.39564],[28.13131,4.4024],[28.14392,4.42086],[28.14084,4.43224],[28.13315,4.43685],[28.11993,4.43347],[28.11347,4.44178],[28.10916,4.44239],[28.09717,4.43224],[28.08732,4.43193],[28.08486,4.42978],[28.08548,4.41809],[28.07656,4.41071],[28.05995,4.44731],[28.04088,4.455],[28.03319,4.47838],[28.03503,4.52606],[28.04303,4.54297],[28.04272,4.54851],[28.03595,4.55189],[28.02734,4.54636],[28.01934,4.54636],[28.01227,4.55066],[27.97782,4.55589],[27.97413,4.54974],[27.93968,4.5685],[27.93106,4.54451],[27.91199,4.54974],[27.86831,4.54882],[27.85447,4.55958],[27.84463,4.57343],[27.83294,4.57558],[27.83263,4.58511],[27.81787,4.58788],[27.8111,4.6008],[27.80526,4.60111],[27.79511,4.59373],[27.78403,4.59803],[27.78096,4.60265],[27.78773,4.62418],[27.77604,4.65617],[27.77542,4.66509],[27.7788,4.6697],[27.77358,4.69462],[27.78619,4.70077],[27.78803,4.70569],[27.78773,4.7386],[27.78311,4.74414],[27.76773,4.78628],[27.7585,4.79151],[27.74312,4.79182],[27.72805,4.78597],[27.71513,4.7869],[27.70283,4.79982],[27.70221,4.80351],[27.71021,4.81489],[27.70068,4.83273],[27.69483,4.85611],[27.67084,4.88317],[27.65515,4.89394],[27.59886,4.89425],[27.58225,4.88594],[27.57733,4.8884],[27.55949,4.91116],[27.54934,4.91762],[27.5398,4.91947],[27.53457,4.92654],[27.52596,4.94254],[27.52535,4.9653],[27.52012,4.97545],[27.49951,4.98314],[27.48597,5.00037],[27.4586,5.01575],[27.44361,5.01944]],"crs":null},"type":"Feature","properties":{"cartographic_style":"International boundary line","bdytyp_integer":1,"iso3cd":"COD_SSD","bdy_type":"International boundary"}},{"geometry":{"type":"LineString","coordinates":[[29.58878,-1.3917],[29.60628,-1.31754],[29.59857,-1.30233],[29.59216,-1.27046],[29.59507,-1.25162],[29.60417,-1.24421],[29.60655,-1.23273],[29.60258,-1.22472],[29.60738,-1.22176],[29.5842,-1.20409],[29.57216,-1.18621],[29.5792,-1.17952],[29.57847,-1.16504],[29.58526,-1.15553],[29.57705,-1.13955],[29.57564,-1.12866],[29.58003,-1.11863],[29.57785,-1.11052],[29.58196,-1.10463],[29.58971,-1.0529],[29.58242,-1.02],[29.58899,-0.99095],[29.58538,-0.98178],[29.58958,-0.98011],[29.59703,-0.98707],[29.60097,-0.98014],[29.5928,-0.97284],[29.59262,-0.96081],[29.58639,-0.94159],[29.5927,-0.93218],[29.58917,-0.92322],[29.58209,-0.91896],[29.58134,-0.90497],[29.58811,-0.89998],[29.63732,-0.89988],[29.62965,-0.88569],[29.62607,-0.86195],[29.62992,-0.84727],[29.64004,-0.8298],[29.638,-0.81733],[29.62993,-0.80579],[29.63235,-0.79683],[29.6269,-0.79105],[29.62942,-0.78769],[29.62717,-0.77699],[29.63097,-0.77153],[29.62877,-0.7576],[29.63071,-0.73246],[29.62456,-0.72401],[29.6276,-0.7164],[29.62582,-0.7055],[29.62742,-0.70122],[29.63278,-0.69945],[29.63604,-0.67558],[29.64065,-0.67319],[29.6509,-0.65715],[29.65112,-0.64108],[29.66271,-0.62474],[29.65737,-0.61916],[29.64927,-0.59546],[29.66225,-0.59509],[29.66885,-0.59135],[29.68277,-0.56318],[29.6773,-0.56052],[29.67769,-0.55643],[29.6694,-0.55369],[29.66697,-0.54386],[29.67322,-0.53791],[29.67098,-0.52715],[29.67385,-0.52245],[29.67212,-0.50659],[29.66861,-0.50115],[29.67637,-0.49421],[29.67046,-0.47573],[29.65453,-0.46796],[29.65139,-0.46322],[29.69933,-0.21056],[29.72781,-0.0839],[29.72492,-0.06787],[29.72975,-0.05687],[29.72955,-0.04042],[29.73218,-0.03671],[29.73814,-0.03778],[29.74429,-0.02966],[29.74129,-0.02318],[29.73301,-0.02123],[29.73241,-0.01233],[29.72676,-0.00121],[29.72817,0.0076],[29.72298,0.01104],[29.72802,0.01723],[29.72177,0.0215],[29.72023,0.03081],[29.71583,0.03482],[29.71974,0.04107],[29.71658,0.05351],[29.72126,0.06319],[29.71714,0.07352],[29.72985,0.07989],[29.73477,0.0895],[29.73549,0.12435],[29.74992,0.13146],[29.76724,0.14818],[29.77053,0.1559],[29.76932,0.16342],[29.78015,0.16781],[29.7848,0.16524],[29.78933,0.16948],[29.81432,0.16343],[29.82359,0.17201],[29.87255,0.38515],[29.97939,0.51692],[29.977,0.52471],[29.9798,0.53242],[29.97531,0.53629],[29.97504,0.54192],[29.97913,0.54597],[29.97927,0.55759],[29.97691,0.56344],[29.97253,0.56107],[29.96961,0.56576],[29.97198,0.57017],[29.96791,0.57541],[29.97258,0.59846],[29.95543,0.63273],[29.95505,0.64123],[29.96206,0.66658],[29.96205,0.67964],[29.96653,0.68236],[29.9716,0.69585],[29.96866,0.70169],[29.97172,0.70887],[29.96813,0.71399],[29.97584,0.743],[29.96384,0.76741],[29.96227,0.77903],[29.9659,0.78194],[29.96955,0.79497],[29.97114,0.8146],[29.98465,0.83808],[29.99027,0.83675],[29.9855,0.84695],[30.00063,0.84524],[30.00028,0.84963],[30.00994,0.85435],[30.01159,0.84713],[30.01462,0.85632],[30.02765,0.85546],[30.02351,0.86433],[30.02748,0.86465],[30.03166,0.85923],[30.0332,0.86611],[30.0394,0.86453],[30.04873,0.87296],[30.0524,0.86733],[30.05867,0.87096],[30.05952,0.86251],[30.06495,0.87733],[30.07643,0.88249],[30.08661,0.88064],[30.08977,0.88742],[30.09615,0.88341],[30.09835,0.88998],[30.1101,0.89425],[30.11075,0.88555],[30.11614,0.88762],[30.1165,0.89446],[30.1253,0.88865],[30.13251,0.8913],[30.13329,0.88449],[30.13799,0.88227],[30.14034,0.88755],[30.1557,0.8849],[30.15159,0.89582],[30.16343,0.90029],[30.16518,0.90472],[30.16228,0.91031],[30.16852,0.90613],[30.17066,0.90729],[30.16856,0.91384],[30.17313,0.91104],[30.17344,0.91611],[30.16892,0.9205],[30.17496,0.94455],[30.18335,0.94459],[30.1809,0.9532],[30.18854,0.94861],[30.18569,0.9575],[30.19196,0.95596],[30.19107,0.96021],[30.18568,0.96247],[30.19441,0.96385],[30.19173,0.97078],[30.20018,0.96447],[30.20195,0.97247],[30.2155,0.97539],[30.2123,0.98205],[30.21659,0.98792],[30.22192,0.99063],[30.22503,0.98659],[30.22789,0.99026],[30.2239,0.99369],[30.22476,0.99916],[30.23163,1.00185],[30.22317,1.00338],[30.22754,1.01132],[30.2225,1.01977],[30.22722,1.02768],[30.22741,1.03603],[30.22515,1.03727],[30.22305,1.03311],[30.22112,1.03592],[30.22923,1.04294],[30.22178,1.04575],[30.22276,1.05423],[30.22844,1.05637],[30.22504,1.064],[30.22856,1.06995],[30.22774,1.07889],[30.24054,1.09759],[30.24002,1.11448],[30.23462,1.12554],[30.23792,1.13465],[30.24774,1.14274],[30.2617,1.1458],[30.26447,1.15155],[30.26882,1.15302],[30.27149,1.16222],[30.28303,1.16563],[30.29017,1.17304],[30.29481,1.17199],[30.30017,1.16434],[30.30922,1.16753],[30.31412,1.15248],[30.32352,1.15703],[30.32791,1.15172],[30.33736,1.15163],[30.342,1.17691],[30.3607,1.20237],[30.37161,1.19951],[30.37737,1.19279],[30.38446,1.19273],[30.39071,1.1877],[30.39606,1.19095],[30.39994,1.18946],[30.411,1.19764],[30.4157,1.19755],[30.42116,1.19034],[30.44333,1.20179],[30.45219,1.19883],[30.45964,1.20136],[30.47049,1.21102],[30.47621,1.20983],[30.52045,1.26332],[30.55041,1.26341],[31.31461,2.11667],[31.31461,2.14768],[31.24912,2.19693],[31.20383,2.21813],[31.20331,2.29098],[31.16832,2.27594],[31.14183,2.28063],[31.13348,2.2627],[31.12558,2.26363],[31.12025,2.27012],[31.11352,2.27018],[31.09792,2.27915],[31.08354,2.29368],[31.076,2.29601],[31.07612,2.30117],[31.08571,2.30837],[31.0767,2.31759],[31.0701,2.33056],[31.06919,2.33597],[31.07367,2.34344],[31.03709,2.37002],[31.02637,2.3822],[31.01246,2.38734],[31.00876,2.39766],[31.00339,2.3957],[30.99046,2.40328],[30.98117,2.40435],[30.96657,2.40064],[30.96025,2.39423],[30.95516,2.3976],[30.94887,2.38981],[30.95013,2.38397],[30.94249,2.3715],[30.94289,2.36403],[30.9496,2.36248],[30.95005,2.35916],[30.94246,2.3408],[30.93411,2.33214],[30.91317,2.33864],[30.9118,2.32898],[30.90558,2.32938],[30.89195,2.33725],[30.8826,2.3379],[30.87341,2.36608],[30.86685,2.36706],[30.86513,2.37328],[30.85645,2.37433],[30.84914,2.38121],[30.8383,2.41195],[30.83318,2.41431],[30.83485,2.42387],[30.82357,2.42104],[30.80639,2.42197],[30.77862,2.43579],[30.77105,2.42803],[30.75589,2.42365],[30.75234,2.41679],[30.7492,2.43816],[30.74205,2.44575],[30.74705,2.48841],[30.75187,2.49403],[30.75924,2.49486],[30.76251,2.50716],[30.75721,2.53804],[30.75829,2.56199],[30.75352,2.56945],[30.75464,2.57604],[30.75078,2.58335],[30.7613,2.59363],[30.7792,2.60101],[30.78091,2.61363],[30.79161,2.63186],[30.78806,2.63378],[30.78712,2.64309],[30.7926,2.64512],[30.79956,2.66289],[30.79806,2.66869],[30.80592,2.6758],[30.80733,2.68699],[30.81142,2.69236],[30.80896,2.70623],[30.8226,2.71735],[30.82728,2.72674],[30.82281,2.73493],[30.82349,2.74727],[30.83667,2.75429],[30.83805,2.76457],[30.84213,2.76556],[30.84491,2.76251],[30.84794,2.76721],[30.85995,2.77114],[30.86826,2.79162],[30.88489,2.81169],[30.88465,2.83542],[30.89089,2.8558],[30.88799,2.87807],[30.87505,2.88849],[30.87557,2.89935],[30.87003,2.90139],[30.87056,2.90799],[30.86614,2.91211],[30.86758,2.91962],[30.85818,2.92582],[30.85955,2.93305],[30.85524,2.93847],[30.85411,2.94822],[30.85875,2.95921],[30.839,2.97116],[30.82621,2.98622],[30.82475,3.0005],[30.81783,3.00549],[30.80292,3.00436],[30.79246,3.01487],[30.78145,3.02021],[30.77847,3.0242],[30.77866,3.03411],[30.76987,3.04276],[30.76873,3.04944],[30.77566,3.05723],[30.79116,3.06092],[30.79509,3.06662],[30.79425,3.09267],[30.80017,3.10165],[30.80279,3.13281],[30.80978,3.13966],[30.81038,3.15873],[30.82525,3.19525],[30.8304,3.20148],[30.82738,3.21501],[30.8304,3.22436],[30.84179,3.2364],[30.83687,3.24833],[30.83898,3.26057],[30.84269,3.26703],[30.86588,3.27343],[30.8714,3.27777],[30.86715,3.28332],[30.87626,3.29185],[30.87504,3.30177],[30.89249,3.31448],[30.88963,3.32398],[30.8914,3.33232],[30.88821,3.33844],[30.89507,3.34281],[30.90359,3.35743],[30.91054,3.35957],[30.91242,3.36573],[30.91872,3.37008],[30.91959,3.38614],[30.93859,3.40131],[30.93579,3.44191],[30.93741,3.45976],[30.94371,3.46669],[30.93827,3.49306],[30.94071,3.49927],[30.93749,3.50614],[30.91334,3.50578],[30.90314,3.50027],[30.89306,3.49911],[30.8805,3.48847],[30.87857,3.48163],[30.87386,3.48012],[30.86357,3.48083],[30.86298,3.4862]],"crs":null},"type":"Feature","properties":{"cartographic_style":"International boundary line","bdytyp_integer":1,"iso3cd":"COD_UGA","bdy_type":"International boundary"}},{"geometry":{"type":"LineString","coordinates":[[42.40428,12.46864],[42.27872,12.63531],[42.21833,12.765],[42.13194,12.7775],[42.05639,12.80122],[42.02706,12.86744],[41.96633,12.92456],[41.92808,13.00944],[41.89108,13.07342],[41.81514,13.16153],[41.73558,13.23664],[41.72097,13.27547],[41.66725,13.32389],[41.64378,13.38553],[41.50433,13.447],[41.44703,13.4885],[41.40172,13.50247],[41.30736,13.57956],[41.16994,13.72889],[41.11578,13.82786],[41.07031,13.89133],[40.99461,14.01544],[40.94217,14.08164],[40.87314,14.13478],[40.80872,14.17242],[40.68742,14.22472],[40.57311,14.269],[40.45175,14.30744],[40.37417,14.35442],[40.2595,14.41147],[40.21333,14.38667],[40.14763,14.53952],[40.11736,14.56073],[40.08538,14.54326],[40.06924,14.54065],[40.06758,14.53438],[40.05418,14.52794],[40.0513,14.52052],[40.03605,14.50372],[40.0418,14.50161],[40.04636,14.49396],[40.0411,14.49396],[40.03034,14.47578],[40.02277,14.47178],[40.01771,14.47501],[40.01397,14.47186],[40.0124,14.45359],[40.0091,14.44942],[39.99797,14.45097],[39.99114,14.45555],[39.98732,14.45395],[39.9828,14.4457],[39.97448,14.44049],[39.97318,14.43474],[39.97649,14.43121],[39.96378,14.42574],[39.95576,14.41532],[39.92995,14.4149],[39.9198,14.41962],[39.90864,14.43324],[39.90039,14.4366],[39.8817,14.4606],[39.85384,14.47988],[39.8474,14.48129],[39.84006,14.49],[39.83554,14.49123],[39.82045,14.48385],[39.81535,14.48678],[39.80739,14.50116],[39.79418,14.5031],[39.79681,14.51059],[39.78906,14.51588],[39.77613,14.53589],[39.77079,14.53912],[39.77053,14.54538],[39.75748,14.54993],[39.73199,14.55064],[39.71814,14.55713],[39.71285,14.5557],[39.70212,14.56621],[39.69958,14.57446],[39.68856,14.58343],[39.68569,14.59212],[39.67667,14.58929],[39.66912,14.59666],[39.66589,14.59247],[39.65836,14.59167],[39.64246,14.60485],[39.61434,14.59669],[39.60809,14.60171],[39.60933,14.60499],[39.59411,14.60314],[39.58661,14.6086],[39.56956,14.59764],[39.56077,14.59802],[39.55509,14.58903],[39.54183,14.58895],[39.53905,14.58531],[39.5326,14.58459],[39.52914,14.56616],[39.5165,14.55948],[39.50887,14.55008],[39.50678,14.52258],[39.51673,14.51037],[39.53881,14.49974],[39.53838,14.49136],[39.52993,14.49165],[39.52644,14.48536],[39.5116,14.48697],[39.49586,14.48406],[39.49364,14.50233],[39.48944,14.50519],[39.47286,14.50017],[39.46667,14.50756],[39.44758,14.50531],[39.4335,14.51608],[39.41917,14.51361],[39.41744,14.5265],[39.40614,14.52592],[39.40336,14.53703],[39.39772,14.54339],[39.38789,14.537],[39.38306,14.54078],[39.37311,14.5395],[39.36864,14.52658],[39.36094,14.53319],[39.35792,14.52753],[39.3605,14.51539],[39.35594,14.50883],[39.36639,14.49519],[39.35756,14.49644],[39.36003,14.48331],[39.35247,14.48322],[39.32864,14.49394],[39.34644,14.46625],[39.32497,14.47075],[39.30133,14.46992],[39.27334,14.43614],[39.26561,14.41305],[39.25085,14.41044],[39.24304,14.41515],[39.23632,14.43857],[39.22776,14.45014],[39.23403,14.45158],[39.2383,14.46146],[39.26682,14.48495],[39.26155,14.51569],[39.25875,14.52086],[39.25321,14.52258],[39.24961,14.5344],[39.24575,14.53595],[39.2487,14.54153],[39.24206,14.54887],[39.2411,14.56322],[39.20528,14.56533],[39.17817,14.58461],[39.17628,14.59194],[39.15739,14.60833],[39.158,14.63444],[39.169,14.64914],[39.15385,14.65349],[39.1374,14.64908],[39.12984,14.64196],[39.11201,14.64589],[39.09798,14.63547],[39.09034,14.636],[39.08363,14.64141],[39.08054,14.63683],[39.05262,14.64061],[39.04328,14.63496],[39.03242,14.63898],[39.02533,14.63244],[39.0214,14.63322],[39.01943,14.62727],[39.01335,14.62317],[39.01309,14.61811],[39.01899,14.61096],[39.01707,14.59661],[39.00448,14.59075],[39.00355,14.57963],[38.99312,14.56436],[38.98296,14.55608],[38.97819,14.5458],[38.95864,14.54158],[38.95263,14.53507],[38.94146,14.54041],[38.92953,14.5381],[38.92489,14.53388],[38.92634,14.52808],[38.90017,14.50528],[38.88234,14.50043],[38.8753,14.50163],[38.87054,14.49835],[38.85022,14.50027],[38.83763,14.48935],[38.82532,14.48595],[38.8201,14.48838],[38.81674,14.48417],[38.82028,14.47909],[38.80937,14.47608],[38.79732,14.46739],[38.77587,14.47206],[38.76379,14.46838],[38.75629,14.47141],[38.73391,14.46228],[38.71953,14.46413],[38.70495,14.47128],[38.70055,14.46602],[38.69002,14.46493],[38.67835,14.45629],[38.66961,14.45646],[38.66637,14.44911],[38.65628,14.44946],[38.64665,14.44294],[38.6323,14.44475],[38.61946,14.43664],[38.60982,14.44396],[38.59729,14.44311],[38.57178,14.43658],[38.56982,14.43069],[38.55727,14.43116],[38.5549,14.42641],[38.54906,14.42777],[38.52641,14.41777],[38.52107,14.40782],[38.51105,14.41807],[38.4992,14.41518],[38.48508,14.4247],[38.47418,14.41692],[38.45537,14.41357],[38.44686,14.41823],[38.44615,14.42954],[38.43329,14.43397],[38.42915,14.45349],[38.42338,14.46256],[38.42462,14.46974],[38.40156,14.47039],[38.39855,14.48787],[38.38962,14.48448],[38.38347,14.48757],[38.37542,14.48598],[38.3641,14.49276],[38.35878,14.51541],[38.34698,14.51332],[38.34436,14.52181],[38.34714,14.5277],[38.34133,14.53533],[38.33261,14.53797],[38.319,14.55745],[38.31643,14.56755],[38.31943,14.57821],[38.3125,14.58444],[38.31328,14.59007],[38.29858,14.59845],[38.29821,14.60653],[38.29089,14.60992],[38.29108,14.6155],[38.27893,14.61356],[38.26907,14.61866],[38.27211,14.62412],[38.26894,14.62916],[38.2733,14.63954],[38.26697,14.64519],[38.26966,14.65474],[38.26568,14.66115],[38.2652,14.6709],[38.25721,14.67973],[38.24779,14.67945],[38.24271,14.68875],[38.23367,14.69155],[38.21938,14.68712],[38.21498,14.69241],[38.20388,14.68973],[38.19811,14.69469],[38.19177,14.69495],[38.18883,14.69341],[38.1858,14.67855],[38.17874,14.68525],[38.17164,14.68124],[38.1543,14.68136],[38.1425,14.67632],[38.13568,14.68461],[38.13484,14.69165],[38.11005,14.69693],[38.10489,14.70819],[38.09442,14.71222],[38.09195,14.71657],[38.04651,14.7177],[38.02912,14.73578],[38.01608,14.74437],[38.02301,14.75863],[38.01922,14.76557],[38.00314,14.76833],[37.99935,14.77735],[37.99421,14.77497],[37.98995,14.77704],[37.99061,14.79258],[37.98573,14.80118],[37.98541,14.80935],[37.98164,14.81042],[37.97483,14.80114],[37.97123,14.80069],[37.96774,14.80498],[37.97157,14.81344],[37.96598,14.83239],[37.95887,14.83783],[37.94868,14.83911],[37.9496,14.84723],[37.94497,14.85134],[37.94384,14.86222],[37.93165,14.87017],[37.93099,14.8752],[37.9236,14.87828],[37.92124,14.89173],[37.91632,14.89416],[37.91255,14.89381],[37.52856,14.18517],[37.52289,14.18208],[37.51801,14.18587],[37.50661,14.18103],[37.4961,14.18398],[37.49636,14.19668],[37.4818,14.20409],[37.47694,14.21435],[37.46665,14.21581],[37.47129,14.23416],[37.46939,14.25467],[37.46388,14.25559],[37.45203,14.25101],[37.44738,14.25274],[37.44665,14.26325],[37.44016,14.26555],[37.43402,14.27354],[37.4257,14.27624],[37.41377,14.29],[37.40607,14.28989],[37.3941,14.30062],[37.39403,14.30511],[37.4037,14.31442],[37.39994,14.32226],[37.40395,14.33763],[37.39275,14.34281],[37.38016,14.34325],[37.38041,14.35576],[37.39023,14.35978],[37.39198,14.36671],[37.38388,14.36507],[37.38049,14.37489],[37.37162,14.37394],[37.37326,14.38339],[37.36304,14.38908],[37.35837,14.39916],[37.34775,14.40452],[37.35001,14.41551],[37.34111,14.41361],[37.33312,14.4281],[37.31604,14.43368],[37.31195,14.44788],[37.29089,14.44733],[37.28589,14.44248],[37.261,14.44171],[37.24761,14.43357],[37.22797,14.44572],[37.22192,14.44503],[37.20889,14.43952],[37.2029,14.42934],[37.18593,14.42021],[37.17509,14.41689],[37.15823,14.41992],[37.14462,14.40959],[37.13469,14.40959],[37.12772,14.39631],[37.12535,14.3827],[37.11685,14.37277],[37.11699,14.36456],[37.11053,14.36022],[37.1013,14.33489],[37.10893,14.32175],[37.10593,14.31493],[37.10608,14.29106],[37.0986,14.28577],[37.09856,14.27829],[37.09448,14.27277],[37.07459,14.27113],[37.06787,14.26471],[37.04521,14.26989],[37.0205,14.2531],[37.01152,14.25288],[37.0036,14.26128],[36.99094,14.26569],[36.98521,14.2788],[36.97605,14.28442],[36.97167,14.29263],[36.96193,14.29518],[36.94488,14.29339],[36.93375,14.30077],[36.90361,14.30755],[36.89744,14.31704],[36.87996,14.31507],[36.86639,14.32214],[36.8512,14.32265],[36.8456,14.31366],[36.83347,14.30897],[36.82688,14.31833],[36.81734,14.31685],[36.78024,14.32103],[36.7683,14.31906],[36.74091,14.32257],[36.73316,14.31525],[36.71218,14.31131],[36.69378,14.30091],[36.6779,14.30257],[36.66455,14.3126],[36.65187,14.30793],[36.63587,14.3158],[36.62922,14.3158],[36.62461,14.31303],[36.61482,14.29531],[36.60569,14.29662],[36.58864,14.28619],[36.57458,14.28992],[36.56336,14.28418],[36.55602,14.28407],[36.55862,14.27489],[36.56612,14.26796],[36.56034,14.25771]],"crs":null},"type":"Feature","properties":{"cartographic_style":"International boundary line","bdytyp_integer":1,"iso3cd":"ERI_ETH","bdy_type":"International boundary"}},{"geometry":{"type":"LineString","coordinates":[[38.56443,18.00309],[38.45239,17.89835],[38.38995,17.75604],[38.38758,17.73187],[38.34829,17.65411],[38.34169,17.64962],[38.29905,17.63934],[38.28044,17.62541],[38.27565,17.59268],[38.26013,17.55859],[38.24347,17.55435],[38.21241,17.56313],[38.19507,17.54511],[38.18938,17.56518],[38.17656,17.58191],[38.16623,17.57296],[38.13033,17.57313],[38.10888,17.55889],[38.10636,17.53311],[38.10135,17.52242],[38.10661,17.48049],[38.0707,17.48202],[38.06763,17.55226],[38.06163,17.56362],[38.05682,17.56466],[38.04104,17.55376],[38.02559,17.54906],[38.01841,17.54913],[38.00386,17.55708],[37.97254,17.51596],[37.96872,17.50553],[37.97697,17.49101],[37.97534,17.48868],[37.95889,17.47614],[37.94273,17.47187],[37.91774,17.45707],[37.9022,17.45649],[37.89083,17.4521],[37.87025,17.45256],[37.8619,17.46156],[37.857,17.48603],[37.85229,17.49236],[37.83704,17.50005],[37.78737,17.49615],[37.77484,17.48047],[37.78029,17.46359],[37.78205,17.44112],[37.77292,17.43309],[37.76599,17.40421],[37.76554,17.38398],[37.74922,17.38682],[37.73934,17.38062],[37.61232,17.37415],[37.51531,17.33686],[37.50608,17.31526],[37.50606,17.30722],[37.49244,17.30689],[37.49248,17.29678],[37.49782,17.28473],[37.51616,17.27783],[37.52112,17.27083],[37.52181,17.26304],[37.51738,17.2588],[37.49984,17.25377],[37.49542,17.24906],[37.49803,17.24085],[37.495,17.23825],[37.49626,17.22703],[37.49214,17.2198],[37.49819,17.20824],[37.5081,17.20389],[37.50916,17.19978],[37.5029,17.19273],[37.48697,17.19027],[37.47629,17.17875],[37.4661,17.15828],[37.46694,17.14474],[37.45921,17.1395],[37.4543,17.12651],[37.43705,17.10242],[37.42128,17.10317],[37.41447,17.09932],[37.39465,17.04713],[37.35017,17.06828],[37.33178,17.08618],[37.31103,17.09437],[37.25214,17.07561],[37.22007,17.07867],[37.21015,17.07519],[37.19736,17.06336],[37.12882,17.05717],[37.12371,17.06071],[37.11116,17.08196],[37.09381,17.08792],[37.08033,17.08365],[37.06972,17.08749],[37.05706,17.08761],[37.03976,17.09977],[37.03114,17.10091],[37.02125,17.09605],[37.00204,17.06818],[37.01339,17.05563],[37.01823,17.02934],[37.01744,17.01554],[37.01315,17.00738],[36.99508,16.99746],[36.98543,16.98502],[36.98352,16.96911],[36.98987,16.9562],[37.00414,16.94143],[37.0056,16.93251],[36.99854,16.91349],[37.01328,16.86635],[37.00196,16.8302],[37.00555,16.8218],[37.02927,16.8011],[37.03013,16.7963],[37.02028,16.7912],[37.01046,16.7767],[36.99601,16.774],[36.98954,16.76738],[36.98268,16.74974],[36.99239,16.736],[36.99278,16.7305],[36.95576,16.68652],[36.94261,16.68064],[36.89855,16.67343],[36.89386,16.65561],[36.90573,16.64079],[36.90616,16.63437],[36.90379,16.61065],[36.88946,16.56569],[36.88745,16.54543],[36.89964,16.49641],[36.90835,16.48357],[36.92322,16.47136],[36.92987,16.45593],[36.93901,16.44425],[36.96257,16.4355],[36.96633,16.42895],[36.94897,16.36601],[36.93365,16.3541],[36.93392,16.34492],[36.94745,16.3134],[36.9469,16.29226],[36.95999,16.29125],[36.96253,16.28581],[36.93164,16.26291],[36.89927,16.2264],[36.89251,16.2145],[36.88803,16.18982],[36.82794,16],[36.81548,15.97184],[36.81642,15.95854],[36.78888,15.89986],[36.76798,15.8297],[36.74687,15.80083],[36.69969,15.71301],[36.68925,15.67311],[36.67267,15.63527],[36.63879,15.52195],[36.63144,15.49328],[36.63026,15.46804],[36.61487,15.44166],[36.61345,15.41321],[36.58885,15.35929],[36.58129,15.33061],[36.55267,15.26177],[36.54842,15.2395],[36.54157,15.22803],[36.52549,15.21586],[36.51367,15.21196],[36.49736,15.21357],[36.47774,15.20347],[36.43876,15.15663],[36.44955,15.1004],[36.46391,14.96544],[36.46817,14.94707],[36.47199,14.85547],[36.48193,14.79325],[36.50017,14.60405],[36.50539,14.51196],[36.51082,14.4906],[36.50988,14.46649],[36.5198,14.40425],[36.52689,14.32914],[36.54835,14.26827],[36.55641,14.25834],[36.56034,14.25771]],"crs":null},"type":"Feature","properties":{"cartographic_style":"International boundary line","bdytyp_integer":1,"iso3cd":"ERI_SDN","bdy_type":"International boundary"}},{"geometry":{"type":"LineString","coordinates":[[41.91012,3.98276],[41.90419,3.98286],[41.90043,3.97818],[41.89472,3.9828],[41.88245,3.97654],[41.8787,3.96849],[41.87291,3.96779],[41.87096,3.96356],[41.86416,3.96724],[41.86259,3.96051],[41.85178,3.96164],[41.85153,3.95272],[41.8485,3.94999],[41.84361,3.95043],[41.83983,3.956],[41.83351,3.95501],[41.83277,3.9469],[41.82658,3.95309],[41.82379,3.94894],[41.81896,3.95123],[41.81902,3.95922],[41.7984,3.95804],[41.79691,3.96919],[41.79128,3.97675],[41.78112,3.98139],[41.77778,3.9812],[41.7727,3.97315],[41.76242,3.97538],[41.75239,3.97291],[41.75257,3.9822],[41.73845,3.98634],[41.73331,3.98343],[41.72601,3.98864],[41.72124,3.98653],[41.71808,3.9944],[41.71257,3.98511],[41.70446,3.98597],[41.69374,3.97972],[41.68823,3.97006],[41.68235,3.97501],[41.67659,3.95835],[41.66989,3.96731],[41.65475,3.96522],[41.65267,3.97025],[41.64439,3.97209],[41.63636,3.9844],[41.63054,3.97674],[41.6284,3.98232],[41.62564,3.98201],[41.62196,3.97533],[41.61645,3.97258],[41.60235,3.97515],[41.59644,3.97034],[41.58258,3.97217],[41.56846,3.96797],[41.55071,3.98336],[41.52866,3.97203],[41.5243,3.95945],[41.51701,3.95368],[41.50945,3.95455],[41.51041,3.96208],[41.50402,3.9679],[41.50006,3.96244],[41.47987,3.96427],[41.47771,3.95535],[41.4726,3.95977],[41.46574,3.95578],[41.46034,3.96084],[41.44756,3.95493],[41.43767,3.95856],[41.43533,3.95721],[41.43732,3.95074],[41.41956,3.94864],[41.41459,3.95477],[41.40959,3.95439],[41.39291,3.96506],[41.38778,3.9581],[41.38028,3.95931],[41.38216,3.95458],[41.37931,3.95144],[41.36875,3.95603],[41.36351,3.95437],[41.36145,3.95977],[41.35433,3.95963],[41.35188,3.94698],[41.34731,3.94902],[41.33743,3.94265],[41.33342,3.94488],[41.32762,3.93967],[41.31298,3.94641],[41.30763,3.94464],[41.29815,3.95367],[41.29339,3.94601],[41.2863,3.94612],[41.282,3.95197],[41.27681,3.9477],[41.26413,3.95815],[41.25994,3.95439],[41.25215,3.95617],[41.24729,3.95109],[41.24312,3.96098],[41.23479,3.95321],[41.21873,3.95568],[41.21867,3.95015],[41.21026,3.94743],[41.20884,3.93596],[41.19664,3.93741],[41.19202,3.94254],[41.18595,3.94241],[41.18106,3.9462],[41.17445,3.94442],[41.16652,3.95394],[41.16137,3.9534],[41.15548,3.95987],[41.13286,3.96745],[41.13213,3.97148],[41.13735,3.97164],[41.13721,3.9747],[41.12966,3.97516],[41.11625,3.99211],[41.11056,3.9876],[41.10363,3.99225],[41.0989,4.00318],[41.10215,4.00657],[41.10046,4.00982],[41.08246,4.01734],[41.07851,4.02637],[41.06951,4.02699],[41.06335,4.04569],[41.04519,4.06235],[41.03807,4.07742],[41.02724,4.07567],[41.02569,4.08271],[41.01513,4.08593],[40.99748,4.11278],[40.98027,4.11581],[40.97919,4.12349],[40.97351,4.13162],[40.96409,4.13454],[40.95496,4.14533],[40.93993,4.15194],[40.93003,4.14957],[40.91474,4.15763],[40.90524,4.15777],[40.89778,4.185],[40.884,4.19693],[40.88426,4.21314],[40.86716,4.22822],[40.85213,4.22973],[40.84455,4.24975],[40.82221,4.25282],[40.80436,4.26135],[40.80082,4.26674],[40.78745,4.27003],[40.78081,4.28249],[40.77147,4.28112],[40.76567,4.28482],[40.75632,4.28475],[40.74415,4.26666],[40.72657,4.25516],[40.70927,4.25504],[40.69481,4.24577],[40.40045,4.12587],[40.39316,4.11757],[40.38548,4.11972],[40.20475,4.04617],[40.19469,4.05119],[40.18842,4.04905],[40.18234,4.03588],[40.16129,4.02485],[40.15552,4.01713],[40.14819,4.01799],[39.86584,3.87056],[39.77295,3.67156],[39.60694,3.50381],[39.58818,3.4922],[39.55341,3.40471],[39.54344,3.40416],[39.52902,3.40614],[39.51445,3.41385],[39.49865,3.46861],[39.49298,3.47151],[39.48212,3.46353],[39.47065,3.46508],[39.45728,3.46006],[39.44402,3.46457],[39.44086,3.45946],[39.43594,3.46003],[39.43454,3.4642],[39.42859,3.46211],[39.42719,3.4699],[39.41553,3.46459],[39.41214,3.47032],[39.40245,3.46731],[39.37267,3.4714],[39.33146,3.46972],[39.33483,3.48239],[39.33294,3.50301],[39.32872,3.50626],[39.31885,3.50374],[39.3157,3.49569],[39.30375,3.4826],[39.2965,3.48001],[39.28566,3.4845],[39.26566,3.47583],[39.25444,3.48129],[39.22834,3.48258],[39.22475,3.48603],[39.19191,3.48321],[39.18897,3.48483],[39.18833,3.49786],[39.17646,3.49387],[39.17115,3.49542],[39.14813,3.50682],[39.15093,3.51464],[39.1294,3.51588],[39.10371,3.52752],[39.08737,3.54404],[39.07852,3.54529],[39.07754,3.53644],[39.05909,3.53124],[39.05505,3.52701],[39.04549,3.52752],[39.03636,3.53323],[39.03315,3.52908],[39.02061,3.52803],[39.01799,3.51709],[39.01072,3.52342],[39.00795,3.52177],[39.00292,3.53132],[38.99739,3.52374],[38.96527,3.53548],[38.95649,3.52934],[38.95602,3.52004],[38.90267,3.51688],[38.84805,3.53633],[38.71222,3.57684],[38.70976,3.58713],[38.68356,3.6291],[38.67015,3.62636],[38.67383,3.61329],[38.66326,3.59789],[38.63139,3.60668],[38.6177,3.60734],[38.61189,3.61343],[38.61222,3.61744],[38.60287,3.61097],[38.57591,3.6096],[38.55358,3.62292],[38.55519,3.6283],[38.54782,3.64709],[38.53621,3.65946],[38.51671,3.65828],[38.51322,3.65526],[38.51992,3.64742],[38.5194,3.6333],[38.4457,3.6071],[38.18165,3.62485],[38.13354,3.61522],[38.127,3.61039],[38.10344,3.63513],[38.05324,3.67467],[38.04504,3.6768],[38.04066,3.68707],[38.03005,3.69268],[38.01535,3.71116],[38.00691,3.73049],[37.99982,3.73468],[37.99123,3.73436],[37.91774,3.77562],[37.73785,3.89406],[37.64857,3.95525],[37.64755,3.9597],[37.42253,4.11387],[37.41904,4.1136],[37.13576,4.29791],[37.12738,4.2978],[37.11025,4.31166],[37.10068,4.33449],[37.09327,4.33846],[37.08736,4.3469],[37.07683,4.35184],[37.0641,4.35087],[37.04471,4.37918],[37.02892,4.3881],[37.01909,4.37547],[37.0063,4.3838],[37.00077,4.38246],[36.9846,4.39782],[36.95925,4.4011],[36.95603,4.40781],[36.90913,4.42774],[36.8791,4.43494],[36.84349,4.45207],[36.68046,4.44445],[36.66107,4.4453],[36.64468,4.45701],[36.62508,4.45771],[36.54724,4.44842],[36.26292,4.45315],[36.24729,4.45916],[36.23418,4.45358],[36.05009,4.45691],[35.9396,4.55129],[35.962,4.56762],[35.96183,4.58008],[35.9382,4.58696],[35.9477,4.62]],"crs":null},"type":"Feature","properties":{"cartographic_style":"International boundary line","bdytyp_integer":1,"iso3cd":"ETH_KEN","bdy_type":"International boundary"}},{"geometry":{"type":"LineString","coordinates":[[34.11325,9.49864],[34.10683,9.55796],[34.10853,9.57429],[34.15318,9.70887],[34.1607,9.72294],[34.20182,9.84118],[34.20923,9.86997],[34.22269,9.89352],[34.22506,9.968],[34.22145,9.98337],[34.23211,10.03861],[34.24977,10.06128],[34.30766,10.10059],[34.32401,10.11497],[34.33067,10.12353],[34.33355,10.13964],[34.34653,10.16985],[34.34526,10.18248],[34.34992,10.20918],[34.31741,10.32293],[34.31492,10.34153],[34.29591,10.39447],[34.29671,10.40874],[34.30282,10.42878],[34.31308,10.45162],[34.32412,10.46481],[34.32543,10.4754],[34.30891,10.50561],[34.28983,10.50891],[34.28208,10.51827],[34.28294,10.52724],[34.29322,10.54847],[34.30122,10.59083],[34.38446,10.67241],[34.41286,10.72573],[34.47214,10.81607],[34.5416,10.85818],[34.60198,10.90413],[34.66916,10.84803],[34.69906,10.82846],[34.75649,10.76285],[34.7621,10.75897],[34.77535,10.75952],[34.7801,10.74392],[34.77729,10.71286],[34.78663,10.70649],[34.80669,10.7319],[34.81641,10.73885],[34.83335,10.74425],[34.84824,10.74296],[34.85474,10.74552],[34.86321,10.76604],[34.89904,10.8005],[34.9091,10.82861],[34.94442,10.87226],[34.9724,10.9007],[34.97511,10.91428],[34.96012,10.9319],[34.96002,10.94822],[34.95209,10.95117],[34.95111,10.95944],[34.97096,11.01788],[34.97474,11.04474],[34.98009,11.05547],[35.00696,11.15977],[35,11.18193],[34.98714,11.20242],[34.95759,11.23674],[34.9538,11.2473],[34.97868,11.29388],[34.99519,11.33973],[35.03728,11.3956],[35.05942,11.43779],[35.06085,11.47298],[35.08205,11.51747],[35.08959,11.54648],[35.08791,11.59636],[35.09191,11.63248],[35.08551,11.65061],[35.0752,11.65861],[35.06671,11.67558],[35.05527,11.71852],[35.05471,11.73437],[35.08152,11.78234],[35.10958,11.81582],[35.15398,11.84939],[35.16891,11.85337],[35.18191,11.86631],[35.21775,11.8897],[35.2752,11.93595],[35.29328,11.96523],[35.29996,11.98435],[35.30217,12.01217],[35.30565,12.01656],[35.32574,12.01596],[35.33297,12.0199],[35.34248,12.03373],[35.34545,12.04961],[35.34353,12.06018],[35.33366,12.07301],[35.35404,12.11334],[35.39602,12.18341],[35.40583,12.18667],[35.42009,12.18581],[35.42965,12.19228],[35.43848,12.20381],[35.43744,12.22818],[35.42847,12.24791],[35.43102,12.25413],[35.54164,12.42928],[35.56113,12.47096],[35.59139,12.51429],[35.64187,12.60205],[35.67089,12.60398],[35.68189,12.60746],[35.68818,12.61576],[35.69095,12.62887],[35.68757,12.65737],[35.68944,12.66013],[35.6995,12.66269],[35.71305,12.6717],[35.72476,12.67219],[35.73578,12.66671],[35.74609,12.66696],[35.7641,12.67322],[35.7838,12.66362],[35.8409,12.67572],[35.88488,12.69192],[35.95183,12.7054],[35.98482,12.71971],[36.00964,12.72459],[36.02346,12.72508],[36.05135,12.71892],[36.06867,12.72447],[36.07827,12.72356],[36.10078,12.71256],[36.10781,12.7059],[36.1116,12.68384],[36.15517,12.68092],[36.15773,12.68873],[36.157,12.70966],[36.17427,12.74209],[36.17613,12.75336],[36.17667,12.86027],[36.18224,12.88992],[36.17684,12.90071],[36.15336,12.92551],[36.1496,12.93241],[36.15029,12.94091],[36.18088,13.01497],[36.18342,13.04026],[36.19091,13.05751],[36.24621,13.26996],[36.25159,13.28306],[36.28138,13.30516],[36.29239,13.32424],[36.33312,13.43896],[36.37415,13.53023],[36.37528,13.5824],[36.42242,13.7288],[36.45225,13.7642],[36.4673,13.7858],[36.47176,13.79798],[36.47881,13.80028],[36.48892,13.82004],[36.5009,13.83222],[36.47476,13.91034],[36.45569,13.94641],[36.45191,13.97581],[36.45285,13.9811],[36.4759,14.00936],[36.49871,14.06565],[36.55777,14.24139],[36.56034,14.25771]],"crs":null},"type":"Feature","properties":{"cartographic_style":"International boundary line","bdytyp_integer":1,"iso3cd":"ETH_SDN","bdy_type":"International boundary"}},{"geometry":{"type":"LineString","coordinates":[[35.9477,4.62],[35.86414,4.72405],[35.81711,4.77735],[35.81394,4.91278],[35.81628,4.93588],[35.81474,5.08396],[35.81745,5.10412],[35.83954,5.12597],[35.8587,5.1535],[35.86289,5.16561],[35.86378,5.1755],[35.85937,5.18832],[35.83799,5.21546],[35.82922,5.23384],[35.83214,5.25892],[35.84473,5.27689],[35.86078,5.28797],[35.86419,5.30339],[35.8614,5.31465],[35.84439,5.32266],[35.83932,5.33023],[35.82806,5.3309],[35.80944,5.34028],[35.79267,5.34392],[35.77818,5.35262],[35.77176,5.34755],[35.75703,5.35786],[35.75379,5.37096],[35.72553,5.37503],[35.71883,5.38973],[35.69106,5.38437],[35.68324,5.38688],[35.6782,5.38296],[35.66051,5.38429],[35.6559,5.39026],[35.62838,5.37776],[35.62171,5.37982],[35.61963,5.38395],[35.61959,5.39775],[35.60283,5.39655],[35.58832,5.41307],[35.57454,5.41396],[35.56399,5.40726],[35.55273,5.41091],[35.54605,5.4171],[35.53617,5.41845],[35.52746,5.41337],[35.51792,5.4172],[35.47181,5.4068],[35.45597,5.38687],[35.42069,5.37004],[35.40921,5.36112],[35.39997,5.35732],[35.37432,5.35499],[35.35324,5.33661],[35.33929,5.33072],[35.31929,5.33388],[35.30796,5.34102],[35.3019,5.34894],[35.29392,5.37159],[35.29796,5.42035],[35.31544,5.44552],[35.31861,5.46272],[35.3167,5.47254],[35.30913,5.48121],[35.30966,5.49765],[35.13729,5.61373],[35.12726,5.62447],[35.12608,5.64373],[35.13011,5.69116],[35.00103,5.89705],[35.0055,5.9201],[34.99486,5.94123],[34.99332,5.95539],[35.00626,5.9864],[35.00867,6.0002],[34.99439,6.04397],[35,6.07382],[34.98294,6.08851],[34.96934,6.09054],[34.96392,6.13963],[34.97438,6.1812],[34.97205,6.20159],[34.96179,6.22309],[34.96025,6.23536],[34.95211,6.24194],[34.95279,6.26914],[34.9554,6.28161],[34.97447,6.28506],[34.98219,6.29113],[34.98651,6.29945],[34.99057,6.33383],[34.99658,6.34574],[34.98949,6.38405],[34.99155,6.3901],[35.00776,6.40167],[35.01374,6.42699],[35.01957,6.43437],[35.01954,6.44702],[35.01307,6.46248],[35.00265,6.47265],[34.9862,6.48147],[34.97187,6.50056],[34.96814,6.50312],[34.95722,6.50219],[34.95474,6.5181],[34.94273,6.5377],[34.93833,6.55156],[34.92419,6.55344],[34.90835,6.56712],[34.90717,6.57405],[34.89304,6.57452],[34.88854,6.57746],[34.88479,6.58309],[34.88669,6.5944],[34.88334,6.59798],[34.85865,6.6051],[34.83156,6.60038],[34.80959,6.6007],[34.80061,6.59823],[34.78779,6.58766],[34.78045,6.59213],[34.77684,6.59866],[34.76889,6.59363],[34.73843,6.63666],[34.72686,6.63996],[34.71449,6.65134],[34.70604,6.68623],[34.67297,6.70203],[34.63842,6.73568],[34.62595,6.73755],[34.61945,6.72393],[34.61367,6.72159],[34.60556,6.72619],[34.58719,6.7242],[34.55274,6.73165],[34.54126,6.74419],[34.5302,6.74594],[34.52851,6.75222],[34.5346,6.77317],[34.53122,6.78689],[34.53993,6.79578],[34.53374,6.8009],[34.53397,6.80988],[34.5391,6.81387],[34.53934,6.81849],[34.53121,6.82848],[34.52341,6.85489],[34.52122,6.85796],[34.51184,6.85716],[34.51016,6.85984],[34.50753,6.87883],[34.50366,6.8801],[34.50008,6.87624],[34.48618,6.88286],[34.4802,6.90491],[34.46162,6.92525],[34.45171,6.92765],[34.44401,6.92557],[34.42752,6.93616],[34.4067,6.93929],[34.34326,6.95855],[34.30496,6.96059],[34.27081,6.98459],[34.2668,6.99214],[34.27166,6.99755],[34.27113,7.00229],[34.25362,7.00954],[34.23642,7.00241],[34.23113,7.01035],[34.2212,7.01711],[34.22078,7.02789],[34.21136,7.03683],[34.19323,7.03856],[34.19508,7.05999],[34.19018,7.06446],[34.18756,7.0769],[34.19457,7.09245],[34.18964,7.10616],[34.19203,7.11952],[34.18329,7.13237],[34.16381,7.14438],[34.14288,7.14905],[34.12835,7.16218],[34.10283,7.16957],[34.09006,7.19734],[34.06653,7.21407],[34.04229,7.22093],[34.03657,7.23134],[34.01171,7.2563],[34.01001,7.26874],[34.02543,7.26423],[34.03183,7.27066],[34.03399,7.28019],[34.02943,7.32025],[34.03166,7.36052],[34.01339,7.38734],[33.99988,7.41546],[33.98036,7.43715],[33.95684,7.44656],[33.95604,7.46193],[33.94229,7.46975],[33.94059,7.47463],[33.94573,7.50361],[33.93723,7.50905],[33.91272,7.51228],[33.90088,7.51688],[33.88883,7.51134],[33.87508,7.51462],[33.85936,7.53052],[33.84888,7.55108],[33.83268,7.56567],[33.82547,7.57659],[33.80317,7.59282],[33.79608,7.60291],[33.78687,7.60549],[33.77768,7.60236],[33.77227,7.61079],[33.75851,7.61335],[33.75467,7.61809],[33.74175,7.62233],[33.73175,7.6392],[33.7229,7.64345],[33.72082,7.65213],[33.69954,7.65668],[33.68983,7.66259],[33.69147,7.67011],[33.68358,7.67031],[33.68142,7.6734],[33.68976,7.67915],[33.67779,7.68244],[33.67129,7.69325],[33.66079,7.6901],[33.63844,7.69131],[33.63364,7.69402],[33.63217,7.70188],[33.62345,7.70303],[33.60781,7.69831],[33.60216,7.70519],[33.58869,7.69703],[33.58188,7.69747],[33.58014,7.68626],[33.57284,7.68754],[33.55728,7.6933],[33.55078,7.70173],[33.54003,7.70144],[33.51722,7.72408],[33.51346,7.73168],[33.50191,7.72699],[33.49996,7.73496],[33.48815,7.73121],[33.47362,7.74389],[33.46334,7.74598],[33.46181,7.74025],[33.4506,7.73472],[33.43847,7.74777],[33.43141,7.75035],[33.42472,7.74936],[33.42059,7.73826],[33.41165,7.73203],[33.40256,7.73329],[33.4008,7.72816],[33.39232,7.72562],[33.37928,7.72996],[33.37141,7.72432],[33.36532,7.72405],[33.36046,7.71664],[33.35159,7.72184],[33.34611,7.71681],[33.3453,7.71132],[33.33816,7.70616],[33.32811,7.70683],[33.3212,7.70346],[33.31599,7.71761],[33.30051,7.72968],[33.30096,7.73564],[33.29238,7.73214],[33.29065,7.74262],[33.28159,7.7378],[33.27233,7.74991],[33.25412,7.75803],[33.23866,7.77241],[33.22984,7.77362],[33.22273,7.76688],[33.21572,7.76754],[33.19312,7.78012],[33.18584,7.77981],[33.16,7.79488],[33.15598,7.789],[33.13683,7.78248],[33.13205,7.7851],[33.12521,7.7813],[33.11247,7.78138],[33.10928,7.77661],[33.10003,7.77851],[33.1053,7.78803],[33.09577,7.78951],[33.08887,7.79632],[33.06611,7.78587],[33.05978,7.79016],[33.05182,7.78621],[33.04663,7.78856],[33.04626,7.80655],[33.01822,7.84044],[33.00082,7.87369],[33.00232,7.88361],[33.01141,7.88435],[33.01363,7.88841],[33.00441,7.91083],[33.0002,7.9401],[33.00813,7.94921],[33.0348,7.96638],[33.0367,7.97531],[33.03187,7.98966],[33.0409,8.00653],[33.04658,8.01257],[33.07366,8.01933],[33.0766,8.02304],[33.07999,8.04626],[33.0783,8.05243],[33.08627,8.05919],[33.08246,8.06923],[33.08539,8.07386],[33.10334,8.07477],[33.11053,8.07096],[33.11722,8.05919],[33.11559,8.09719],[33.11928,8.10565],[33.13408,8.11106],[33.15944,8.10962],[33.17032,8.12571],[33.18551,8.12241],[33.19067,8.12944],[33.18232,8.14531],[33.18389,8.16071],[33.17567,8.16584],[33.174,8.18381],[33.16403,8.18863],[33.16542,8.19445],[33.18684,8.2069],[33.19548,8.21571],[33.20198,8.23263],[33.19818,8.24529],[33.19494,8.24732],[33.17881,8.24712],[33.17221,8.25944],[33.17488,8.28448],[33.16856,8.2929],[33.1692,8.29658],[33.19272,8.29572],[33.20048,8.30224],[33.20033,8.31371],[33.19166,8.32554],[33.19157,8.33243],[33.20657,8.33146],[33.21586,8.34443],[33.21574,8.35452],[33.19394,8.34669],[33.18751,8.38196],[33.19429,8.39214],[33.18842,8.40056],[33.19113,8.40541],[33.21601,8.4064],[33.21416,8.42589],[33.2178,8.43029],[33.23428,8.42154],[33.24746,8.43777],[33.24761,8.44374],[33.25935,8.44594],[33.26942,8.4518],[33.27562,8.45099],[33.28632,8.4346],[33.29472,8.4354],[33.29979,8.44103],[33.30179,8.45059],[33.31127,8.4586],[33.31526,8.45749],[33.32334,8.44525],[33.3374,8.44123],[33.35115,8.44371],[33.35985,8.43869],[33.36614,8.44016],[33.37279,8.43046],[33.38096,8.43056],[33.38736,8.42319],[33.39555,8.42142],[33.40568,8.43502],[33.42191,8.44589],[33.42541,8.4464],[33.43741,8.43792],[33.44932,8.43829],[33.45763,8.44721],[33.47558,8.4509],[33.48336,8.45608],[33.48831,8.46761],[33.49566,8.46976],[33.5111,8.47061],[33.52407,8.46616],[33.53327,8.46787],[33.54001,8.46358],[33.54647,8.46342],[33.55586,8.46834],[33.56257,8.46681],[33.56759,8.45057],[33.57352,8.4463],[33.59764,8.44423],[33.61106,8.46113],[33.62137,8.46674],[33.64939,8.45671],[33.67911,8.43796],[33.67556,8.42461],[33.682,8.40448],[33.68968,8.39744],[33.69284,8.37715],[33.70367,8.36897],[33.71164,8.36793],[33.71576,8.36301],[33.73355,8.36188],[33.74936,8.3744],[33.75404,8.36928],[33.7691,8.36297],[33.77772,8.37227],[33.78455,8.37492],[33.79184,8.38661],[33.81341,8.3977],[33.82673,8.41885],[33.84034,8.42912],[33.86475,8.43431],[33.87537,8.43326],[33.87765,8.43558],[33.87273,8.44357],[33.8798,8.45167],[33.88088,8.45903],[33.88916,8.46117],[33.89205,8.47291],[33.89752,8.47893],[33.90395,8.4822],[33.92468,8.484],[33.94025,8.49586],[33.95759,8.49143],[33.97368,8.49709],[33.97953,8.48865],[33.986,8.48641],[33.99292,8.48693],[34.00132,8.49393],[34.01277,8.48528],[34.01921,8.48648],[34.02878,8.49877],[34.03222,8.5107],[34.05376,8.52485],[34.07663,8.5458],[34.10364,8.55282],[34.12766,8.58096],[34.1318,8.58977],[34.13978,8.59503],[34.143,8.62211],[34.14429,8.7096],[34.14189,8.82278],[34.14421,8.97712],[34.14013,9.02095],[34.14293,9.04348],[34.12708,9.23835],[34.11325,9.49864]],"crs":null},"type":"Feature","properties":{"cartographic_style":"International boundary line","bdytyp_integer":1,"iso3cd":"ETH_SSD","bdy_type":"International boundary"}},{"geometry":{"type":"LineString","coordinates":[[33.99488,4.22789],[34.08485,4.3026],[34.26519,4.48888],[34.30547,4.53599],[34.32929,4.5578],[34.37846,4.62],[35.9477,4.62]],"crs":null},"type":"Feature","properties":{"cartographic_style":"International boundary line","bdytyp_integer":1,"iso3cd":"KEN_SSD","bdy_type":"International boundary"}},{"geometry":{"type":"LineString","coordinates":[[39.2194,-4.67954],[39.20609,-4.6796],[39.20215,-4.67357],[39.20605,-4.67021],[37.7843,-3.67718],[37.77598,-3.64247],[37.75852,-3.60983],[37.74577,-3.54218],[37.74018,-3.53143],[37.72771,-3.52508],[37.70638,-3.52959],[37.68716,-3.51427],[37.66539,-3.50483],[37.65833,-3.50676],[37.64301,-3.52058],[37.6283,-3.52478],[37.61178,-3.52358],[37.60757,-3.50856],[37.61448,-3.50105],[37.62019,-3.48213],[37.61568,-3.47372],[37.60277,-3.46231],[37.58377,-3.45856],[37.58369,-3.44129],[37.58647,-3.44133],[37.64306,-3.38167],[37.64806,-3.38167],[37.66542,-3.35911],[37.68194,-3.3575],[37.68611,-3.35222],[37.68699,-3.32364],[37.71331,-3.31208],[37.67375,-3.0615],[37.51817,-2.95817],[35.01583,-1.55111],[34.10417,-1.03528],[34.08039,-1.02372],[34.05588,-1.04],[34.044,-1.03863],[34.03642,-1.02915],[34.03642,-1.01748],[34.02835,-1.00719],[34.02795,-1.00003],[33.92962,-0.99587]],"crs":null},"type":"Feature","properties":{"cartographic_style":"International boundary line","bdytyp_integer":1,"iso3cd":"KEN_TZA","bdy_type":"International boundary"}},{"geometry":{"type":"LineString","coordinates":[[33.99488,4.22789],[34.04812,4.17645],[34.06643,4.1413],[34.05028,4.11841],[34.06388,4.09149],[34.08049,4.08275],[34.09236,4.05857],[34.08836,4.03392],[34.05958,4.02499],[34.0608,4.00681],[34.08286,3.99955],[34.10644,3.97393],[34.13538,3.95863],[34.12067,3.89813],[34.09218,3.88254],[34.08918,3.85856],[34.09341,3.85718],[34.11016,3.86571],[34.12855,3.86943],[34.16766,3.86717],[34.17574,3.87698],[34.21632,3.87815],[34.22581,3.84941],[34.22675,3.8283],[34.18081,3.82885],[34.16465,3.80776],[34.15392,3.80425],[34.15451,3.79723],[34.15981,3.7987],[34.16427,3.79512],[34.17131,3.79754],[34.18939,3.79242],[34.19089,3.78012],[34.16682,3.7708],[34.17162,3.765],[34.22108,3.78148],[34.22676,3.77984],[34.22756,3.77141],[34.22972,3.77141],[34.23392,3.77806],[34.24633,3.78118],[34.26719,3.74553],[34.30866,3.70899],[34.30335,3.68287],[34.30604,3.68324],[34.31932,3.71895],[34.32624,3.72538],[34.36582,3.73245],[34.3831,3.72482],[34.39497,3.71503],[34.4036,3.70253],[34.40565,3.69003],[34.45655,3.67359],[34.46397,3.66679],[34.45386,3.60844],[34.45742,3.57276],[34.45224,3.51442],[34.42552,3.489],[34.3968,3.48531],[34.38972,3.48906],[34.39173,3.48023],[34.40455,3.46731],[34.41735,3.44795],[34.42003,3.43063],[34.41055,3.41537],[34.40244,3.41233],[34.40136,3.36787],[34.4307,3.34],[34.43876,3.30469],[34.44818,3.28023],[34.45614,3.17928],[34.46133,3.17122],[34.47132,3.1699],[34.48279,3.16241],[34.49558,3.13864],[34.51282,3.14608],[34.54656,3.13381],[34.57305,3.08868],[34.5756,3.06617],[34.57349,3.04735],[34.57732,3.01777],[34.58813,3.0011],[34.59978,2.92196],[34.64004,2.90402],[34.65364,2.86485],[34.66921,2.86041],[34.69313,2.86016],[34.70249,2.87497],[34.7091,2.87072],[34.71246,2.86254],[34.73709,2.85227],[34.74986,2.82343],[34.75576,2.82568],[34.7629,2.81822],[34.76773,2.80846],[34.76797,2.79973],[34.77612,2.78508],[34.78488,2.74581],[34.77616,2.69516],[34.79116,2.68066],[34.79994,2.65312],[34.83236,2.61816],[34.85293,2.58086],[34.86899,2.56787],[34.87909,2.56968],[34.88127,2.5867],[34.89461,2.59014],[34.89805,2.5853],[34.91374,2.51386],[34.93381,2.51322],[34.94929,2.46948],[34.95516,2.46969],[34.95464,2.45513],[34.94283,2.44935],[34.93552,2.43563],[34.93222,2.43628],[34.93274,2.42981],[34.92924,2.42665],[34.91739,2.42197],[34.91509,2.40022],[34.91587,2.39377],[34.92047,2.39079],[34.91854,2.3874],[34.92095,2.37031],[34.94626,2.20862],[34.98049,2.05099],[34.9853,1.98244],[35.00095,1.95968],[35.00102,1.75873],[34.99198,1.66163],[34.96153,1.60217],[34.94442,1.57388],[34.90735,1.55031],[34.89098,1.55253],[34.86482,1.52562],[34.84498,1.45439],[34.83182,1.44905],[34.81821,1.42891],[34.80154,1.42046],[34.79459,1.41085],[34.80724,1.38111],[34.78745,1.3636],[34.82982,1.307],[34.83149,1.26644],[34.82064,1.26013],[34.81913,1.24786],[34.81353,1.24494],[34.80656,1.22861],[34.79528,1.21922],[34.7826,1.22109],[34.76899,1.21587],[34.74326,1.21816],[34.66975,1.20507],[34.66412,1.18938],[34.64914,1.17608],[34.62107,1.16472],[34.60958,1.15518],[34.58009,1.14732],[34.57519,1.09943],[34.52714,1.10405],[34.523,1.09937],[34.51457,1.07932],[34.50334,1.06781],[34.49409,1.0405],[34.48781,0.99843],[34.49007,0.98006],[34.48064,0.93726],[34.46499,0.90893],[34.45122,0.89757],[34.45241,0.8887],[34.44712,0.87419],[34.44688,0.8607],[34.44083,0.8539],[34.422,0.84738],[34.42141,0.84309],[34.41494,0.83964],[34.41568,0.83344],[34.40641,0.82605],[34.41405,0.8076],[34.3955,0.79963],[34.39172,0.803],[34.38577,0.80079],[34.38393,0.79025],[34.38157,0.78979],[34.37936,0.79517],[34.37311,0.78326],[34.36177,0.77394],[34.34598,0.77193],[34.33482,0.76561],[34.3195,0.76474],[34.31505,0.76119],[34.30777,0.72155],[34.30906,0.70623],[34.31432,0.69799],[34.29609,0.68465],[34.27853,0.67884],[34.28035,0.66562],[34.27687,0.65577],[34.2793,0.64607],[34.27747,0.63999],[34.26127,0.63661],[34.25014,0.62861],[34.24127,0.63293],[34.23655,0.62578],[34.22965,0.62528],[34.22083,0.63008],[34.21665,0.62267],[34.20784,0.62493],[34.20363,0.6219],[34.20036,0.62592],[34.19273,0.61857],[34.18643,0.60397],[34.17793,0.60645],[34.16644,0.59987],[34.15348,0.58558],[34.14173,0.58047],[34.13834,0.58291],[34.12819,0.55579],[34.12688,0.53652],[34.1168,0.52036],[34.1211,0.51795],[34.12206,0.51323],[34.11762,0.50823],[34.11961,0.48094],[34.08923,0.45422],[34.09232,0.43976],[34.09074,0.42419],[34.10111,0.41114],[34.10934,0.37816],[34.10847,0.36738],[34.09882,0.35352],[34.0998,0.34727],[34.07285,0.3229],[34.05693,0.32105],[34.06115,0.31122],[34.05118,0.30596],[34.04703,0.29177],[34.03963,0.28827],[34.04253,0.27565],[34.03541,0.26913],[34.024,0.26707],[34.0226,0.25311],[34.00821,0.24079],[33.91114,0.10413],[33.94258,-0.00271],[33.98778,-0.13118],[33.97186,-0.25006],[33.94123,-0.42147],[33.92932,-0.53974],[33.92962,-0.99587]],"crs":null},"type":"Feature","properties":{"cartographic_style":"International boundary line","bdytyp_integer":1,"iso3cd":"KEN_UGA","bdy_type":"International boundary"}},{"geometry":{"type":"LineString","coordinates":[[30.86298,3.4862],[30.88763,3.55406],[30.90358,3.57422],[30.90844,3.59233],[30.9126,3.59685],[30.92163,3.5994],[30.92762,3.61647],[30.93956,3.62123],[30.94904,3.63303],[30.9479,3.653],[30.95674,3.66837],[30.96836,3.67542],[30.97193,3.69026],[30.97908,3.69787],[30.98863,3.70001],[30.99134,3.70491],[31.00346,3.70737],[31.01564,3.7002],[31.02037,3.69326],[31.02666,3.69552],[31.06051,3.71919],[31.06422,3.72821],[31.06002,3.73416],[31.06553,3.7401],[31.07631,3.7443],[31.08557,3.74006],[31.08926,3.74143],[31.0922,3.73412],[31.09443,3.73956],[31.10069,3.73578],[31.10565,3.74059],[31.10071,3.7445],[31.10526,3.75022],[31.1181,3.75345],[31.12953,3.76553],[31.15352,3.77778],[31.16415,3.79063],[31.17999,3.79425],[31.29054,3.79371],[31.4789,3.68808],[31.50787,3.67722],[31.50237,3.64399],[31.51526,3.63996],[31.53943,3.66489],[31.54999,3.67158],[31.55325,3.68079],[31.56087,3.68117],[31.57557,3.68867],[31.58048,3.6975],[31.59737,3.7018],[31.59999,3.7105],[31.61253,3.72077],[31.61323,3.72651],[31.61692,3.72861],[31.64464,3.73053],[31.65736,3.72173],[31.67161,3.71823],[31.67451,3.71476],[31.68,3.71599],[31.68869,3.70802],[31.69957,3.71528],[31.70563,3.71414],[31.71232,3.71808],[31.72492,3.73379],[31.73258,3.7516],[31.73931,3.74781],[31.75196,3.7616],[31.80248,3.7999],[31.80316,3.80936],[31.79678,3.81277],[31.79651,3.81928],[31.816,3.82149],[31.82807,3.81572],[31.84253,3.80101],[31.87054,3.78203],[31.90712,3.73443],[31.9504,3.66605],[31.95918,3.65683],[31.96149,3.64594],[31.9527,3.62707],[31.95803,3.58786],[31.96647,3.58515],[32.00041,3.58584],[32.00067,3.57676],[32.03796,3.58482],[32.04467,3.59235],[32.0478,3.58838],[32.05366,3.59095],[32.06106,3.58452],[32.05778,3.58056],[32.07033,3.57371],[32.07424,3.56638],[32.08144,3.56493],[32.08492,3.55911],[32.08182,3.55135],[32.08975,3.535],[32.08754,3.533],[32.08404,3.53615],[32.08508,3.53007],[32.10322,3.52933],[32.20092,3.50427],[32.20908,3.54724],[32.21867,3.56152],[32.21444,3.56692],[32.2152,3.57387],[32.20981,3.5893],[32.1956,3.59469],[32.1979,3.59778],[32.41602,3.74291],[32.72097,3.7651],[32.9019,3.81289],[33.0285,3.89091],[33.17956,3.77603],[33.48794,3.75127],[33.51526,3.7522],[33.84979,4.09176],[33.99488,4.22789]],"crs":null},"type":"Feature","properties":{"cartographic_style":"International boundary line","bdytyp_integer":1,"iso3cd":"SSD_UGA","bdy_type":"International boundary"}},{"geometry":{"type":"LineString","coordinates":[[22.87551,10.93137],[22.90639,11.0178],[22.9306,11.09953],[22.9864,11.21469],[22.98825,11.22127],[22.98167,11.29654],[22.97903,11.30234],[22.93429,11.31865],[22.94192,11.42473],[22.82795,11.41499],[22.78768,11.40525],[22.78478,11.44105],[22.76162,11.46974],[22.74004,11.48843],[22.65607,11.51764],[22.60843,11.56186],[22.56184,11.63056],[22.55526,11.70479],[22.5829,11.8514],[22.61001,11.9501],[22.63429,12.05505],[22.64047,12.06975],[22.63383,12.07374],[22.63036,12.07212],[22.6239,12.06035],[22.6179,12.05689],[22.60175,12.06105],[22.59368,12.06774],[22.58583,12.06128],[22.56599,12.05528],[22.55606,12.05459],[22.54383,12.05874],[22.52491,12.04997],[22.50853,12.03659],[22.48984,12.03197],[22.47784,12.03243],[22.47392,12.04443],[22.48038,12.06659],[22.47715,12.07766],[22.48615,12.08181],[22.48453,12.10489],[22.49053,12.11112],[22.49376,12.14504],[22.49145,12.1515],[22.4963,12.16304],[22.48915,12.17342],[22.49192,12.18496],[22.48499,12.19396],[22.48315,12.2078],[22.47253,12.21888],[22.47599,12.22557],[22.47322,12.23826],[22.46492,12.23503],[22.45961,12.23734],[22.45961,12.24103],[22.46746,12.24103],[22.46976,12.2438],[22.45569,12.25326],[22.46123,12.26249],[22.44877,12.26457],[22.45292,12.27795],[22.44138,12.28487],[22.44784,12.30079],[22.43907,12.31233],[22.44,12.32087],[22.43377,12.32225],[22.43307,12.32572],[22.43746,12.33056],[22.43146,12.33656],[22.43307,12.34302],[22.425,12.35179],[22.43377,12.3541],[22.42915,12.36102],[22.43169,12.36748],[22.42523,12.37533],[22.43331,12.37579],[22.43538,12.38063],[22.42937,12.39041],[22.41939,12.39576],[22.41083,12.41038],[22.4037,12.41323],[22.40156,12.42357],[22.38729,12.4332],[22.38408,12.42785],[22.3716,12.43142],[22.36483,12.44604],[22.38622,12.46066],[22.38943,12.4735],[22.39407,12.47921],[22.39228,12.48134],[22.39763,12.48491],[22.4037,12.49597],[22.41332,12.50274],[22.41439,12.51059],[22.42581,12.51451],[22.42538,12.53957],[22.45854,12.63337],[22.39994,12.64998],[22.30979,12.68912],[22.1945,12.75579],[22.19545,12.71095],[22.15108,12.6737],[21.94559,12.62409],[21.94515,12.63088],[21.93807,12.6355],[21.93807,12.64547],[21.9297,12.6485],[21.92565,12.66136],[21.91091,12.6758],[21.89416,12.68317],[21.8865,12.69444],[21.88563,12.7073],[21.85948,12.73128],[21.85558,12.74154],[21.86093,12.76162],[21.8579,12.77202],[21.85255,12.77722],[21.84143,12.77881],[21.82944,12.79528],[21.81557,12.80366],[21.81456,12.81233],[21.81773,12.82085],[21.84186,12.83154],[21.84735,12.83876],[21.8566,12.87979],[21.87913,12.92226],[21.88318,12.94653],[21.89921,12.98872],[21.90441,12.99695],[21.93013,13.02021],[21.92652,13.04824],[21.93605,13.06124],[21.9453,13.06846],[21.9752,13.07612],[21.9882,13.09923],[22.0054,13.11469],[22.00959,13.12784],[22.00742,13.13983],[22.01031,13.14257],[22.02129,13.14445],[22.04195,13.14099],[22.05827,13.14503],[22.06882,13.14373],[22.07517,13.1472],[22.07792,13.15644],[22.08817,13.16583],[22.09973,13.16641],[22.11114,13.1628],[22.13541,13.17103],[22.1396,13.17912],[22.14394,13.18115],[22.14827,13.19892],[22.16359,13.20946],[22.1698,13.22102],[22.17962,13.22911],[22.18121,13.24876],[22.20317,13.26118],[22.20982,13.27476],[22.22152,13.27693],[22.22079,13.28328],[22.2299,13.29152],[22.23625,13.30279],[22.25229,13.30625],[22.24983,13.31781],[22.25994,13.32272],[22.27136,13.33717],[22.28031,13.34107],[22.28133,13.35104],[22.29043,13.35378],[22.28653,13.37025],[22.2884,13.37791],[22.2767,13.39582],[22.27511,13.40334],[22.26168,13.41345],[22.25287,13.42876],[22.24015,13.43483],[22.23466,13.44899],[22.22354,13.45534],[22.22036,13.4656],[22.21632,13.4669],[22.22123,13.4812],[22.22051,13.49377],[22.21863,13.50518],[22.21328,13.51067],[22.22441,13.53639],[22.22513,13.54867],[22.21473,13.55228],[22.20924,13.55098],[22.20274,13.55763],[22.20158,13.56485],[22.19219,13.57352],[22.19161,13.58233],[22.16705,13.59446],[22.14206,13.63],[22.14307,13.64431],[22.13657,13.64705],[22.11476,13.68331],[22.13123,13.7083],[22.13125,13.71786],[22.12375,13.7358],[22.11213,13.74471],[22.10741,13.7538],[22.09626,13.75686],[22.08746,13.76902],[22.07501,13.77356],[22.07195,13.77864],[22.13766,13.85476],[22.21009,13.93021],[22.22782,13.95322],[22.24453,13.9603],[22.29459,13.96454],[22.32175,14.01169],[22.35835,14.02244],[22.39494,14.05394],[22.44059,14.05281],[22.48529,14.10506],[22.5349,14.11015],[22.56828,14.18428],[22.55225,14.20314],[22.54885,14.2171],[22.55187,14.22785],[22.54018,14.23729],[22.51075,14.24351],[22.47737,14.24598],[22.4749,14.24283],[22.46548,14.24162],[22.425,14.2925],[22.42913,14.31368],[22.45669,14.33119],[22.45728,14.34246],[22.44009,14.3724],[22.43297,14.41302],[22.44275,14.48357],[22.43297,14.49603],[22.39381,14.52031],[22.39075,14.5127],[22.38121,14.51372],[22.41133,14.60098],[22.44335,14.60513],[22.46766,14.62499],[22.49449,14.63698],[22.51509,14.64159],[22.57854,14.64634],[22.7155,14.69644],[22.71165,14.7249],[22.66245,14.84545],[22.66908,14.85274],[22.67271,14.86583],[22.68123,14.87767],[22.71105,14.89692],[22.72541,14.90118],[22.74119,14.89771],[22.76002,14.90704],[22.75423,14.91343],[22.75349,14.92653],[22.74879,14.93344],[22.74682,14.95197],[22.75052,14.96902],[22.76608,14.9784],[22.77177,14.98977],[22.78017,14.9915],[22.79425,15.00558],[22.79975,15.01775],[22.80857,15.02336],[22.81273,15.03517],[22.84365,15.04609],[22.85897,15.06165],[22.86243,15.07648],[22.88491,15.09105],[22.92418,15.09253],[22.93876,15.10612],[22.93678,15.12885],[22.92814,15.15108],[22.93308,15.15775],[22.93361,15.16917],[22.96272,15.18196],[22.97458,15.19184],[22.98199,15.20592],[22.98421,15.21951],[22.99435,15.22321],[23.00447,15.23556],[23.00299,15.24248],[22.98545,15.25953],[22.99162,15.29288],[23.00225,15.30152],[23.00422,15.31486],[22.99311,15.33413],[22.98841,15.3702],[22.99237,15.40256],[22.98866,15.41491],[22.95333,15.44776],[22.93505,15.45888],[22.92641,15.46827],[22.91924,15.48507],[22.91875,15.49421],[22.92863,15.51718],[22.92318,15.53596],[22.92721,15.55355],[22.95147,15.5753],[22.97865,15.58358],[22.99736,15.59634],[23.03224,15.62737],[23.05905,15.66299],[23.07606,15.67317],[23.09902,15.7047],[23.12417,15.72041],[23.18541,15.71376],[23.208,15.71463],[23.23696,15.70451],[23.27151,15.70493],[23.31582,15.6956],[23.35081,15.69412],[23.44324,15.71023],[23.49989,15.74011],[23.52429,15.74976],[23.58992,15.76318],[23.62831,15.76526],[23.71313,15.75878],[23.73306,15.75178],[23.81765,15.7507],[23.83372,15.74711],[23.86196,15.73237],[23.87628,15.72838],[23.97066,15.71022],[24,15.71111],[24,19.5]],"crs":null},"type":"Feature","properties":{"cartographic_style":"International boundary line","bdytyp_integer":1,"iso3cd":"TCD_SDN","bdy_type":"International boundary"}},{"geometry":{"type":"LineString","coordinates":[[33.92962,-0.99587],[33.65355,-0.99917],[30.79912,-0.99904],[30.76702,-0.9849],[30.75233,-0.99195],[30.74253,-1.00336],[30.73434,-1.00733],[30.71797,-1.01408],[30.69854,-1.01501],[30.67233,-1.03715],[30.66894,-1.05067],[30.65899,-1.06234],[30.64888,-1.06583],[30.62783,-1.06865],[30.60993,-1.0645],[30.59568,-1.0653],[30.58671,-1.06107],[30.55671,-1.06604],[30.53969,-1.0747],[30.52745,-1.07614],[30.50887,-1.07276],[30.4901,-1.05858],[30.47302,-1.05722]],"crs":null},"type":"Feature","properties":{"cartographic_style":"International boundary line","bdytyp_integer":1,"iso3cd":"TZA_UGA","bdy_type":"International boundary"}},{"geometry":{"type":"LineString","coordinates":[[30.47302,-1.05722],[30.45255,-1.08151],[30.45122,-1.08911],[30.45877,-1.11708],[30.47232,-1.11906],[30.47659,-1.12247],[30.46917,-1.13119],[30.47012,-1.15571],[30.47645,-1.16074],[30.4909,-1.15983],[30.50101,-1.16379],[30.50936,-1.17188],[30.51473,-1.19257],[30.52213,-1.20061],[30.52402,-1.21236],[30.55146,-1.25132],[30.55165,-1.27083],[30.55659,-1.27421],[30.5622,-1.29062],[30.55884,-1.29152],[30.5595,-1.29658],[30.55459,-1.30619],[30.56654,-1.32559],[30.56898,-1.33749],[30.57758,-1.33767],[30.58332,-1.3453],[30.58844,-1.34494],[30.59291,-1.34947],[30.60538,-1.34638],[30.61437,-1.3481],[30.61171,-1.35505],[30.62253,-1.36704],[30.61803,-1.37318],[30.62098,-1.37756],[30.6256,-1.37746],[30.62794,-1.3827],[30.66089,-1.38252],[30.66686,-1.38935],[30.6732,-1.38751],[30.67327,-1.3941],[30.6788,-1.39938],[30.68565,-1.40047],[30.68764,-1.39705],[30.6944,-1.39653],[30.7001,-1.40542],[30.72221,-1.40704],[30.73605,-1.41816],[30.741,-1.43528],[30.73829,-1.44298],[30.74299,-1.45112],[30.74147,-1.45887],[30.73912,-1.45822],[30.74611,-1.52216],[30.8392,-1.65076],[30.83648,-1.65156],[30.83834,-1.66687],[30.83287,-1.66511],[30.82274,-1.6845],[30.82612,-1.69441],[30.82244,-1.71529],[30.82769,-1.72235],[30.81675,-1.72481],[30.81274,-1.73372],[30.82239,-1.73939],[30.83094,-1.75575],[30.82308,-1.7812],[30.82911,-1.82657],[30.82536,-1.83319],[30.8181,-1.83614],[30.81869,-1.84125],[30.82761,-1.84247],[30.82812,-1.8459],[30.83196,-1.84471],[30.83108,-1.85023],[30.83801,-1.85983],[30.83028,-1.86128],[30.83046,-1.86796],[30.82666,-1.86838],[30.81698,-1.87994],[30.81793,-1.89492],[30.81214,-1.90061],[30.80594,-1.91831],[30.79937,-1.91876],[30.79617,-1.92867],[30.78895,-1.93277],[30.78404,-1.94576],[30.7923,-1.94618],[30.79306,-1.93832],[30.80449,-1.93475],[30.81563,-1.9406],[30.81844,-1.94764],[30.8169,-1.95228],[30.82195,-1.95753],[30.82093,-1.96104],[30.82445,-1.96275],[30.82675,-1.97256],[30.86338,-2.03208],[30.87568,-2.03725],[30.87732,-2.05039],[30.8844,-2.05351],[30.89775,-2.07058],[30.89907,-2.07753],[30.89236,-2.09305],[30.88617,-2.0938],[30.88612,-2.10303],[30.87378,-2.12036],[30.87587,-2.13434],[30.86521,-2.14388],[30.86075,-2.15536],[30.86218,-2.16255],[30.85859,-2.16787],[30.85956,-2.17972],[30.85191,-2.18635],[30.84963,-2.19836],[30.84352,-2.20515],[30.84599,-2.22405],[30.84236,-2.22722],[30.84171,-2.23994],[30.84609,-2.25061],[30.84542,-2.25875],[30.85286,-2.27569],[30.85025,-2.30968],[30.85156,-2.31397],[30.85697,-2.31318],[30.85219,-2.32113],[30.83839,-2.329],[30.83622,-2.34291],[30.82637,-2.35647],[30.8157,-2.36535],[30.80623,-2.36386],[30.79649,-2.36651],[30.79154,-2.37633],[30.78321,-2.37928],[30.78021,-2.39003],[30.76701,-2.39177],[30.76341,-2.38274],[30.74621,-2.3792],[30.73888,-2.37409],[30.73273,-2.36375],[30.7171,-2.35544],[30.69584,-2.36342],[30.69064,-2.37004],[30.68907,-2.38275],[30.65727,-2.41349],[30.64397,-2.40986],[30.64008,-2.40387],[30.63001,-2.40354],[30.62404,-2.39987],[30.61478,-2.40297],[30.60933,-2.39925],[30.59248,-2.40433],[30.58428,-2.41373],[30.57468,-2.41849],[30.56912,-2.41929],[30.56353,-2.41464],[30.55068,-2.41116],[30.54325,-2.41324]],"crs":null},"type":"Feature","properties":{"cartographic_style":"International boundary line","bdytyp_integer":1,"iso3cd":"RWA_TZA","bdy_type":"International boundary"}},{"geometry":{"type":"LineString","coordinates":[[29.58878,-1.3917],[29.59279,-1.38697],[29.64739,-1.38652],[29.6603,-1.3934],[29.66853,-1.38603],[29.67871,-1.38253],[29.69278,-1.36247],[29.71188,-1.34581],[29.73053,-1.3402],[29.74769,-1.34272],[29.75922,-1.348],[29.77147,-1.35629],[29.7757,-1.36606],[29.7886,-1.36908],[29.79135,-1.36508],[29.79679,-1.37295],[29.79649,-1.35045],[29.80937,-1.33018],[29.81891,-1.32757],[29.82131,-1.31758],[29.81933,-1.31136],[29.82423,-1.30875],[29.83031,-1.31564],[29.83359,-1.31481],[29.8424,-1.32053],[29.8411,-1.33352],[29.84945,-1.33868],[29.85179,-1.3461],[29.85866,-1.35186],[29.85858,-1.35637],[29.88176,-1.35612],[29.88351,-1.40567],[29.88766,-1.41293],[29.88555,-1.42313],[29.89063,-1.4289],[29.89334,-1.45137],[29.90349,-1.45919],[29.9138,-1.48214],[29.92596,-1.479],[29.93439,-1.47211],[29.95459,-1.46411],[29.97764,-1.45792],[29.98813,-1.44982],[29.99614,-1.44775],[30.00065,-1.43445],[30.00949,-1.42797],[30.01344,-1.41981],[30.02378,-1.41511],[30.03732,-1.42129],[30.04231,-1.42737],[30.05554,-1.43077],[30.05764,-1.42121],[30.05401,-1.41716],[30.05214,-1.39875],[30.07051,-1.39196],[30.0702,-1.38133],[30.07393,-1.37773],[30.08297,-1.37285],[30.09832,-1.37697],[30.10331,-1.37219],[30.11254,-1.37693],[30.11812,-1.3843],[30.12284,-1.38439],[30.12926,-1.3627],[30.13745,-1.36175],[30.13883,-1.35621],[30.14515,-1.3507],[30.17085,-1.34772],[30.16251,-1.33501],[30.1648,-1.32724],[30.16195,-1.31866],[30.16716,-1.30684],[30.17465,-1.30192],[30.17144,-1.27373],[30.1877,-1.27119],[30.19112,-1.28176],[30.19806,-1.28112],[30.19825,-1.2738],[30.20501,-1.27301],[30.21078,-1.27632],[30.2129,-1.27],[30.24309,-1.24111],[30.25375,-1.22072],[30.27566,-1.21005],[30.27846,-1.19826],[30.29265,-1.18956],[30.29774,-1.15871],[30.30718,-1.14499],[30.3346,-1.13162],[30.34452,-1.13211],[30.33791,-1.10519],[30.34073,-1.09229],[30.34887,-1.08758],[30.35135,-1.07911],[30.34842,-1.07185],[30.35259,-1.06878],[30.35193,-1.06259],[30.35466,-1.06468],[30.35885,-1.06061],[30.36141,-1.06516],[30.36569,-1.06726],[30.36932,-1.06495],[30.37388,-1.06997],[30.3723,-1.06568],[30.377,-1.06115],[30.39117,-1.06899],[30.3981,-1.06232],[30.40227,-1.0637],[30.40229,-1.06101],[30.40499,-1.06379],[30.40571,-1.06149],[30.42531,-1.06499],[30.4306,-1.06299],[30.43045,-1.05827],[30.43508,-1.05715],[30.43244,-1.05638],[30.43547,-1.05232],[30.43698,-1.05474],[30.43928,-1.04828],[30.44479,-1.05056],[30.44772,-1.04745],[30.46133,-1.05355],[30.46741,-1.05244],[30.46663,-1.05532],[30.46981,-1.05275],[30.47302,-1.05722]],"crs":null},"type":"Feature","properties":{"cartographic_style":"International boundary line","bdytyp_integer":1,"iso3cd":"RWA_UGA","bdy_type":"International boundary"}},{"geometry":{"type":"LineString","coordinates":[[29.04056,-2.74339],[29.03468,-2.73357],[29.00443,-2.70276],[29.00047,-2.70442],[28.99573,-2.69937],[28.98806,-2.6994],[28.98204,-2.69391],[28.97538,-2.69493],[28.9667,-2.70355],[28.95907,-2.6936],[28.94748,-2.69076],[28.94296,-2.69261],[28.9375,-2.68188],[28.91779,-2.6804],[28.91004,-2.66498],[28.89719,-2.66047],[28.89554,-2.65292],[28.90398,-2.64959],[28.90579,-2.64513],[28.90382,-2.62707],[28.90036,-2.62304],[28.90247,-2.60844],[28.89746,-2.59715],[28.89952,-2.5843],[28.89511,-2.56788],[28.89077,-2.55778],[28.87704,-2.54985],[28.86171,-2.52932],[28.86294,-2.52134],[28.87415,-2.50969],[28.88838,-2.50566],[28.89286,-2.49093],[28.89196,-2.47491],[28.87355,-2.45532],[28.86769,-2.44362],[28.86738,-2.42728],[28.87169,-2.41282],[28.88352,-2.39304],[28.90848,-2.37267],[28.93039,-2.37178],[28.94958,-2.37642],[28.96288,-2.3725],[28.9661,-2.36473],[28.96161,-2.3524],[28.98339,-2.33963],[29.00118,-2.29409],[29.09334,-2.27641],[29.10847,-2.26637],[29.11721,-2.25326],[29.16635,-2.15051],[29.17481,-2.11901],[29.16541,-2.05085],[29.12716,-1.93527],[29.12749,-1.90449],[29.13317,-1.86966],[29.14926,-1.82945],[29.24494,-1.69796],[29.2435,-1.66839],[29.25648,-1.65863],[29.26827,-1.629],[29.29662,-1.61106],[29.30113,-1.61422],[29.31223,-1.61437],[29.31078,-1.60189],[29.31437,-1.60002],[29.31887,-1.58219],[29.33441,-1.55971],[29.3367,-1.5472],[29.35363,-1.53672],[29.36072,-1.51183],[29.36743,-1.50874],[29.45003,-1.50608],[29.49611,-1.44246],[29.50438,-1.44018],[29.50618,-1.43399],[29.52005,-1.42923],[29.52142,-1.42665],[29.51841,-1.42507],[29.52586,-1.40937],[29.52894,-1.41079],[29.53774,-1.40624],[29.55724,-1.38965],[29.56569,-1.38711],[29.57923,-1.38762],[29.58878,-1.3917]],"crs":null},"type":"Feature","properties":{"cartographic_style":"International boundary line","bdytyp_integer":1,"iso3cd":"COD_RWA","bdy_type":"International boundary"}}],"type":"FeatureCollection","properties":{"exceededTransferLimit":false},"source":"https://gis.unocha.org/server/rest/services/Hosted/World_International_Boundaries__Adm0___Line/FeatureServer/0","retrievedAt":"2026-09-09T12:32:46.324Z"}